match_id,data_video,titolo_video,url_video,par_totale,posizione,giocatore,punteggio_totale,diff_par,b1,b2,b3,b4,b5,b6,b7,b8,b9,b10,b11,b12,b13,b14,b15,b16,b17,b18
1,2026-08-09,SDROGO GOLFATINA ALLA RICERCA DEL PROGETTO GABBINESS,https://youtu.be/-VpgGrDbnx0,61,1,Delux,49,-12,2,2,1,1,4,2,4,2,3,2,1,1,3,9,2,3,3,4
1,2026-08-09,SDROGO GOLFATINA ALLA RICERCA DEL PROGETTO GABBINESS,https://youtu.be/-VpgGrDbnx0,61,2,Mollu,61,0,1,4,1,1,3,4,2,1,5,1,1,5,4,2,4,14,2,6
1,2026-08-09,SDROGO GOLFATINA ALLA RICERCA DEL PROGETTO GABBINESS,https://youtu.be/-VpgGrDbnx0,61,3,Just Rohn,64,3,1,1,4,1,2,4,2,1,1,3,1,9,4,3,14,9,1,3
1,2026-08-09,SDROGO GOLFATINA ALLA RICERCA DEL PROGETTO GABBINESS,https://youtu.be/-VpgGrDbnx0,61,4,GaBBo,71,10,2,1,1,1,3,5,2,1,4,6,1,2,4,10,2,14,2,10
1,2026-08-09,SDROGO GOLFATINA ALLA RICERCA DEL PROGETTO GABBINESS,https://youtu.be/-VpgGrDbnx0,61,5,nonsonodread,78,17,2,3,6,1,2,3,1,1,5,3,1,14,4,1,14,14,1,2
2,2026-08-19,LA GOLFATINA DEI G**. [NUOVO STANDARD DI REGOLE],https://youtu.be/9Ht6yvEN_Pg,86,1,Just Rohn,117,31,1,12,8,6,3,8,3,2,9,14,6,6,4,6,5,12,1,11
2,2026-08-19,LA GOLFATINA DEI G**. [NUOVO STANDARD DI REGOLE],https://youtu.be/9Ht6yvEN_Pg,86,2,Delux,120,34,2,5,10,3,6,2,3,4,19,10,4,5,2,9,5,7,5,19
2,2026-08-19,LA GOLFATINA DEI G**. [NUOVO STANDARD DI REGOLE],https://youtu.be/9Ht6yvEN_Pg,86,3,Mollu,122,36,3,14,5,6,14,2,1,2,19,6,2,11,6,2,5,10,8,6
2,2026-08-19,LA GOLFATINA DEI G**. [NUOVO STANDARD DI REGOLE],https://youtu.be/9Ht6yvEN_Pg,86,4,nonsonodread,130,44,2,4,9,4,16,4,2,19,19,4,10,7,3,5,6,4,4,8
2,2026-08-19,LA GOLFATINA DEI G**. [NUOVO STANDARD DI REGOLE],https://youtu.be/9Ht6yvEN_Pg,86,5,GaBBo,181,95,2,7,7,4,3,19,3,2,19,19,6,13,12,19,11,11,5,19
3,2026-08-18,SDROGO GOLFATINA per il mio COMPLEANNO,https://youtu.be/VydxAl_uxBI,43,1,GaBBo,38,-5,4,1,6,2,1,1,2,1,2,2,2,2,2,3,3,1,2,1
3,2026-08-18,SDROGO GOLFATINA per il mio COMPLEANNO,https://youtu.be/VydxAl_uxBI,43,2,Just Rohn,45,2,2,3,1,3,2,1,1,6,3,3,2,3,2,2,4,3,3,1
3,2026-08-18,SDROGO GOLFATINA per il mio COMPLEANNO,https://youtu.be/VydxAl_uxBI,43,3,Delux,47,4,2,1,1,2,1,4,4,5,1,2,3,5,4,3,2,1,5,1
3,2026-08-18,SDROGO GOLFATINA per il mio COMPLEANNO,https://youtu.be/VydxAl_uxBI,43,4,nonsonodread,50,7,3,4,2,1,2,2,6,1,1,3,2,3,2,4,5,1,7,1
3,2026-08-18,SDROGO GOLFATINA per il mio COMPLEANNO,https://youtu.be/VydxAl_uxBI,43,5,JTaz,51,8,2,2,1,3,2,2,7,6,2,7,3,2,4,2,1,2,2,1
3,2026-08-18,SDROGO GOLFATINA per il mio COMPLEANNO,https://youtu.be/VydxAl_uxBI,43,6,Mollu,62,19,4,5,1,2,3,2,2,1,8,4,2,1,11,3,4,4,4,1
4,2026-08-11,LA GOLFATINA DELLA VERGOGNA!,https://youtu.be/K7ObaKslbM0,48,1,Just Rohn,42,-6,2,4,3,2,1,3,1,4,2,1,1,1,2,1,3,7,1,3
4,2026-08-11,LA GOLFATINA DELLA VERGOGNA!,https://youtu.be/K7ObaKslbM0,48,2,Mollu,55,7,2,2,2,1,1,5,1,6,3,1,2,4,8,2,3,7,3,3
4,2026-08-11,LA GOLFATINA DELLA VERGOGNA!,https://youtu.be/K7ObaKslbM0,48,3,nonsonodread,56,8,1,4,3,2,1,3,5,4,2,2,5,2,6,3,4,1,1,7
4,2026-08-11,LA GOLFATINA DELLA VERGOGNA!,https://youtu.be/K7ObaKslbM0,48,4,GaBBo,58,10,1,6,4,2,1,4,4,3,3,2,1,5,6,2,3,3,3,4
4,2026-08-11,LA GOLFATINA DELLA VERGOGNA!,https://youtu.be/K7ObaKslbM0,48,5,Delux,62,14,1,7,9,3,1,3,3,5,2,1,2,1,5,3,13,11,2,1
5,2026-09-01,C'É UN PO DI GOLFATINA IN QUESTA CENSURA.,https://youtu.be/LMg9XwLmyhs,62,1,nonsonodread,93,31,15,10,18,2,3,3,6,8,3,2,2,1,2,4,1,2,5,6
5,2026-09-01,C'É UN PO DI GOLFATINA IN QUESTA CENSURA.,https://youtu.be/LMg9XwLmyhs,62,1,Delux,93,31,12,11,8,3,4,5,6,10,4,2,4,2,3,4,1,5,5,4
5,2026-09-01,C'É UN PO DI GOLFATINA IN QUESTA CENSURA.,https://youtu.be/LMg9XwLmyhs,62,3,JTaz,96,34,8,13,9,1,4,7,10,6,4,2,5,2,2,3,4,7,4,5
5,2026-09-01,C'É UN PO DI GOLFATINA IN QUESTA CENSURA.,https://youtu.be/LMg9XwLmyhs,62,4,Just Rohn,101,39,6,11,8,2,3,6,7,18,4,2,8,2,2,3,7,3,6,3
6,2026-08-30,BENVENUTI ALL'INFERNO: SDROGO GOLFATINA DEMONIACA,https://youtu.be/xC_YNHOFDE4,90,1,ilMasseo,105,15,2,8,2,3,3,16,5,4,5,3,6,10,2,13,4,9,6,4
6,2026-08-30,BENVENUTI ALL'INFERNO: SDROGO GOLFATINA DEMONIACA,https://youtu.be/xC_YNHOFDE4,90,2,GaBBo,110,20,6,3,5,3,7,7,6,2,7,5,6,16,2,7,1,8,16,3
6,2026-08-30,BENVENUTI ALL'INFERNO: SDROGO GOLFATINA DEMONIACA,https://youtu.be/xC_YNHOFDE4,90,3,nonsonodread,116,26,8,4,4,6,5,4,6,7,6,3,7,3,7,6,14,9,12,5
6,2026-08-30,BENVENUTI ALL'INFERNO: SDROGO GOLFATINA DEMONIACA,https://youtu.be/xC_YNHOFDE4,90,4,Just Rohn,117,27,5,8,13,4,10,4,5,7,3,9,3,6,7,16,7,11,1,1
6,2026-08-30,BENVENUTI ALL'INFERNO: SDROGO GOLFATINA DEMONIACA,https://youtu.be/xC_YNHOFDE4,90,5,Delux,120,30,3,6,5,12,6,8,9,3,6,6,3,2,16,5,11,3,1,1
6,2026-08-30,BENVENUTI ALL'INFERNO: SDROGO GOLFATINA DEMONIACA,https://youtu.be/xC_YNHOFDE4,90,6,Mollu,154,64,5,12,8,16,8,13,6,4,1,16,14,16,3,1,8,7,10,6
7,2026-08-21,LA GOLFATINA NEL MUSEO...PRENDE SUBITO UNA BRUTTA PIEGA,https://youtu.be/XXTN5QD3PXc,55,1,Just Rohn,54,-1,2,1,4,4,1,5,1,2,1,4,4,6,3,10,4,2,10,2
7,2026-08-21,LA GOLFATINA NEL MUSEO...PRENDE SUBITO UNA BRUTTA PIEGA,https://youtu.be/XXTN5QD3PXc,55,2,nonsonodread,55,0,3,3,3,3,2,5,1,2,2,2,1,2,3,3,2,4,3,1
7,2026-08-21,LA GOLFATINA NEL MUSEO...PRENDE SUBITO UNA BRUTTA PIEGA,https://youtu.be/XXTN5QD3PXc,55,3,Delux,57,2,4,3,5,3,2,3,2,2,2,5,3,4,4,3,1,1,1,2
7,2026-08-21,LA GOLFATINA NEL MUSEO...PRENDE SUBITO UNA BRUTTA PIEGA,https://youtu.be/XXTN5QD3PXc,55,4,Mollu,61,6,8,1,3,3,3,2,4,2,3,3,2,4,4,3,2,8,1,3
7,2026-08-21,LA GOLFATINA NEL MUSEO...PRENDE SUBITO UNA BRUTTA PIEGA,https://youtu.be/XXTN5QD3PXc,55,5,GaBBo,78,23,8,6,3,8,5,3,3,5,5,3,7,2,3,2,2,3,8,2
8,2026-08-08,LA MEGA GOLFATA DEGLI DEI,https://youtu.be/HQalUVkaCS8,72,1,nonsonodread,62,-10,2,5,3,3,3,4,3,3,2,6,3,3,4,4,4,5,3,2
8,2026-08-08,LA MEGA GOLFATA DEGLI DEI,https://youtu.be/HQalUVkaCS8,72,2,Delux,79,7,2,2,3,4,13,4,3,2,5,5,5,3,6,7,5,3,16,1
8,2026-08-08,LA MEGA GOLFATA DEGLI DEI,https://youtu.be/HQalUVkaCS8,72,3,ilMasseo,81,9,2,5,4,2,3,3,6,4,3,5,4,1,5,6,4,5,16,3
8,2026-08-08,LA MEGA GOLFATA DEGLI DEI,https://youtu.be/HQalUVkaCS8,72,4,Mollu,84,12,2,3,3,2,4,3,6,3,2,6,5,7,2,5,5,3,7,16
8,2026-08-08,LA MEGA GOLFATA DEGLI DEI,https://youtu.be/HQalUVkaCS8,72,4,GaBBo,84,12,2,3,2,4,4,3,4,3,5,7,4,4,4,7,16,3,4,5
9,2026-08-21,LA MIA PRIMISSIMA GOLFATINA,https://youtu.be/LC3bdmO-AGI,55,1,Mollu,46,-9,3,2,2,1,3,6,1,4,2,2,2,3,2,1,3,3,3,3
9,2026-08-21,LA MIA PRIMISSIMA GOLFATINA,https://youtu.be/LC3bdmO-AGI,55,2,Just Rohn,50,-5,1,2,2,1,2,5,4,4,3,2,1,4,2,1,2,6,4,4
9,2026-08-21,LA MIA PRIMISSIMA GOLFATINA,https://youtu.be/LC3bdmO-AGI,55,3,JTaz,54,-1,1,2,1,3,4,6,1,5,2,3,2,3,3,2,3,4,4,5
9,2026-08-21,LA MIA PRIMISSIMA GOLFATINA,https://youtu.be/LC3bdmO-AGI,55,4,Delux,65,10,1,1,2,1,6,9,1,1,14,4,2,4,3,2,1,4,1,8
9,2026-08-21,LA MIA PRIMISSIMA GOLFATINA,https://youtu.be/LC3bdmO-AGI,55,5,GaBBo,68,13,1,1,2,5,3,14,4,4,3,3,3,2,4,1,6,4,4,4
10,2026-07-25,GOLFATINA DIVERTENTISSIMA,https://youtu.be/PXNSIH3FsTE,64,1,nonsonodread,57,-7,2,1,2,2,4,3,5,3,3,3,2,3,3,6,3,5,4,3
10,2026-07-25,GOLFATINA DIVERTENTISSIMA,https://youtu.be/PXNSIH3FsTE,64,2,Just Rohn,62,-2,2,1,2,4,2,3,2,2,1,2,4,2,4,7,2,9,8,5
10,2026-07-25,GOLFATINA DIVERTENTISSIMA,https://youtu.be/PXNSIH3FsTE,64,2,Delux,62,-2,1,1,2,7,3,2,6,1,3,2,4,2,5,7,5,2,6,3
10,2026-07-25,GOLFATINA DIVERTENTISSIMA,https://youtu.be/PXNSIH3FsTE,64,3,ilMasseo,64,0,3,1,3,2,5,1,2,3,1,2,2,5,4,4,8,6,7,5
11,2026-05-13,La PRIMA GOLFATINA non si scorda MAI,https://youtu.be/EJMEBEJzjGo,59,1,ilMasseo,45,-14,4,2,3,2,5,1,1,2,2,2,2,5,2,2,3,3,2,2
11,2026-05-13,La PRIMA GOLFATINA non si scorda MAI,https://youtu.be/EJMEBEJzjGo,59,2,Mollu,47,-12,2,1,2,2,4,5,2,1,2,4,3,1,4,3,3,1,4,3
11,2026-05-13,La PRIMA GOLFATINA non si scorda MAI,https://youtu.be/EJMEBEJzjGo,59,3,nonsonodread,49,-10,3,3,3,2,2,4,2,2,2,3,2,2,3,3,3,3,4,3
11,2026-05-13,La PRIMA GOLFATINA non si scorda MAI,https://youtu.be/EJMEBEJzjGo,59,4,JTaz,58,-1,3,2,2,2,3,3,2,2,6,6,4,4,2,2,2,2,7,4
12,2026-12-15,MINI-GOLF NATALIZIO,https://youtu.be/St2VvfXHwpE,58,1,nonsonodread,45,-13,2,3,2,3,2,3,3,2,3,5,5,2,2,5,3,1,2,1
12,2026-12-15,MINI-GOLF NATALIZIO,https://youtu.be/St2VvfXHwpE,58,2,Delux,48,-10,2,2,10,3,3,1,3,4,2,4,3,3,3,4,1,1,1,1
12,2026-12-15,MINI-GOLF NATALIZIO,https://youtu.be/St2VvfXHwpE,58,3,Just Rohn,49,-9,3,2,2,3,2,4,3,9,3,4,3,2,5,1,3,1,1,1
12,2026-12-15,MINI-GOLF NATALIZIO,https://youtu.be/St2VvfXHwpE,58,4,GaBBo,50,-8,5,3,3,2,2,5,3,2,5,3,8,1,2,2,4,1,1,1
13,2025-12-17,La SDROGO GOLFATINA di cui NON avevate bisogno,https://youtu.be/5S6Dq7LAFNA,30,1,JTaz,37,7,4,6,3,3,3,2,2,2,7,5,,,,,,,,
13,2025-12-17,La SDROGO GOLFATINA di cui NON avevate bisogno,https://youtu.be/5S6Dq7LAFNA,30,1,Delux,37,7,4,2,5,5,2,3,4,4,6,2,,,,,,,,
13,2025-12-17,La SDROGO GOLFATINA di cui NON avevate bisogno,https://youtu.be/5S6Dq7LAFNA,30,2,GaBBo,41,11,3,3,3,6,6,2,7,6,2,3,,,,,,,,
13,2025-12-17,La SDROGO GOLFATINA di cui NON avevate bisogno,https://youtu.be/5S6Dq7LAFNA,30,3,nonsonodread,43,13,2,6,7,5,4,1,3,4,6,5,,,,,,,,
13,2025-12-17,La SDROGO GOLFATINA di cui NON avevate bisogno,https://youtu.be/5S6Dq7LAFNA,30,4,ilMasseo,44,14,2,4,8,4,5,2,3,9,4,3,,,,,,,,
18,2025-12-18,UNA GOLFATINA PERICOLOSAMENTE NOSTALGICA...,https://youtu.be/80BMUVXCM9o,62,1,Just Rohn,68,6,2,4,5,3,4,6,4,2,5,4,3,4,5,3,5,4,1,4
18,2025-12-18,UNA GOLFATINA PERICOLOSAMENTE NOSTALGICA...,https://youtu.be/80BMUVXCM9o,62,2,Delux,83,21,4,3,1,5,2,3,2,1,7,4,4,5,11,3,4,3,7,14
18,2025-12-18,UNA GOLFATINA PERICOLOSAMENTE NOSTALGICA...,https://youtu.be/80BMUVXCM9o,62,3,nonsonodread,84,22,2,4,3,10,5,5,2,2,6,4,6,7,7,3,4,3,5,6
18,2025-12-18,UNA GOLFATINA PERICOLOSAMENTE NOSTALGICA...,https://youtu.be/80BMUVXCM9o,62,4,GaBBo,86,24,6,4,4,6,2,8,3,2,4,4,6,6,10,3,3,4,3,8
19,2025-12-27,GOLFATINA MATTA con I MAESTRI di MAZZE e PALLE,https://youtu.be/nORFy_eGVDA,54,1,Just Rohn,43,-11,2,3,2,2,1,3,2,2,5,3,2,4,3,2,2,2,1,2
19,2025-12-27,GOLFATINA MATTA con I MAESTRI di MAZZE e PALLE,https://youtu.be/nORFy_eGVDA,54,2,Just Marzaa,45,-9,1,2,2,2,1,2,4,3,8,3,1,2,3,1,2,2,2,4
19,2025-12-27,GOLFATINA MATTA con I MAESTRI di MAZZE e PALLE,https://youtu.be/nORFy_eGVDA,54,2,Delux,45,-9,3,4,1,2,1,1,3,2,6,2,1,4,4,3,2,2,2,2
19,2025-12-27,GOLFATINA MATTA con I MAESTRI di MAZZE e PALLE,https://youtu.be/nORFy_eGVDA,54,3,nonsonodread,50,-4,2,2,2,2,2,3,4,3,4,2,2,5,3,1,2,2,4,5
19,2025-12-27,GOLFATINA MATTA con I MAESTRI di MAZZE e PALLE,https://youtu.be/nORFy_eGVDA,54,4,GaBBo,60,6,3,3,2,2,2,3,4,2,6,3,1,5,4,1,5,3,8,3
20,2026-01-08,SONO TORNATI I DOMINATORI DEL GOLF,https://youtu.be/KadhcxiF6lo,75,1,Delux,58,-17,2,1,2,4,2,4,4,2,3,2,5,3,3,5,6,2,4,4
20,2026-01-08,SONO TORNATI I DOMINATORI DEL GOLF,https://youtu.be/KadhcxiF6lo,75,2,Just Rohn,64,-11,2,1,2,3,2,2,3,4,2,3,5,4,3,4,10,2,6,6
20,2026-01-08,SONO TORNATI I DOMINATORI DEL GOLF,https://youtu.be/KadhcxiF6lo,75,3,GaBBo,67,-8,2,2,1,3,1,6,3,5,2,2,4,4,2,7,8,3,5,7
20,2026-01-08,SONO TORNATI I DOMINATORI DEL GOLF,https://youtu.be/KadhcxiF6lo,75,4,nonsonodread,70,-5,3,2,2,4,2,5,2,7,2,4,4,4,4,5,7,3,4,6
21,2026-01-09,GOLFATINA MAGICA,https://youtu.be/qX7wKf7uupY,55,1,Just Rohn,58,3,3,5,7,3,3,2,3,1,6,1,6,3,4,2,9,1,1,1
21,2026-01-09,GOLFATINA MAGICA,https://youtu.be/qX7wKf7uupY,55,2,Delux,59,4,4,3,3,5,5,1,2,2,6,4,4,2,5,3,10,1,1,1
21,2026-01-09,GOLFATINA MAGICA,https://youtu.be/qX7wKf7uupY,55,2,nonsonodread,59,4,4,4,4,4,5,1,7,1,5,4,1,4,4,7,4,1,1,1
21,2026-01-09,GOLFATINA MAGICA,https://youtu.be/qX7wKf7uupY,55,3,ilMasseo,70,15,4,4,4,5,5,4,9,3,5,5,2,3,4,2,11,1,1,1
22,2026-01-10,LA SDROGO GOLFATINA DI INIZIO ANNO,https://youtu.be/fWl8BCgXTxQ,66,1,Just Rohn,68,2,1,2,4,3,2,4,3,3,6,4,1,3,3,5,4,5,4,11
22,2026-01-10,LA SDROGO GOLFATINA DI INIZIO ANNO,https://youtu.be/fWl8BCgXTxQ,66,2,Delux,82,16,1,6,4,2,2,7,4,7,6,4,2,5,3,4,3,2,6,14
22,2026-01-10,LA SDROGO GOLFATINA DI INIZIO ANNO,https://youtu.be/fWl8BCgXTxQ,66,3,GaBBo,85,19,3,4,2,2,5,4,6,4,8,4,2,4,4,5,4,4,12,8
22,2026-01-10,LA SDROGO GOLFATINA DI INIZIO ANNO,https://youtu.be/fWl8BCgXTxQ,66,4,nonsonodread,86,20,3,2,4,4,3,7,5,9,8,5,1,3,2,4,3,6,3,14
23,2026-01-12,LA PRIMA GOLFATINA DELL'ANNO!,https://youtu.be/4j9iPqrWtw0,47,1,Delux,40,-7,2,3,3,4,1,1,2,2,1,2,1,2,4,3,1,1,2,5
23,2026-01-12,LA PRIMA GOLFATINA DELL'ANNO!,https://youtu.be/4j9iPqrWtw0,47,2,Just Rohn,46,-1,2,1,2,2,1,1,2,2,1,3,1,3,14,1,3,2,2,3
23,2026-01-12,LA PRIMA GOLFATINA DELL'ANNO!,https://youtu.be/4j9iPqrWtw0,47,3,ilMasseo,47,0,2,4,2,2,6,3,5,2,1,3,1,3,1,2,3,2,3,2
23,2026-01-12,LA PRIMA GOLFATINA DELL'ANNO!,https://youtu.be/4j9iPqrWtw0,47,4,nonsonodread,50,3,4,2,3,2,1,1,3,2,1,2,4,3,8,2,2,1,6,3
24,2026-01-22,GOLFATINA MATTA INSENSATA,https://youtu.be/6rJWPcxFRIM,72,1,Just Rohn,53,-19,2,2,4,6,3,3,3,2,4,2,3,3,3,3,3,3,2,2
24,2026-01-22,GOLFATINA MATTA INSENSATA,https://youtu.be/6rJWPcxFRIM,72,2,nonsonodread,54,-18,2,3,2,3,2,5,2,4,7,6,2,2,2,3,2,3,1,3
24,2026-01-22,GOLFATINA MATTA INSENSATA,https://youtu.be/6rJWPcxFRIM,72,3,Mollu,56,-16,2,5,5,4,2,4,2,2,5,3,2,2,2,3,2,4,2,5
24,2026-01-22,GOLFATINA MATTA INSENSATA,https://youtu.be/6rJWPcxFRIM,72,4,GaBBo,69,-3,2,5,3,6,3,5,3,2,5,4,2,3,4,4,2,3,10,3
25,2026-01-26,GOLFATINA HORROR CON QUALCHE IMPRECAZIONE,https://youtu.be/CULR32YN7mM,83,1,Just Rohn,62,-21,1,4,2,5,3,5,2,4,2,3,3,3,3,3,7,2,6,4
25,2026-01-26,GOLFATINA HORROR CON QUALCHE IMPRECAZIONE,https://youtu.be/CULR32YN7mM,83,2,JTaz,63,-20,2,3,2,3,2,3,8,3,3,2,4,6,3,3,8,2,4,2
25,2026-01-26,GOLFATINA HORROR CON QUALCHE IMPRECAZIONE,https://youtu.be/CULR32YN7mM,83,3,Delux,65,-18,1,1,2,5,6,3,3,3,3,2,1,4,4,7,12,3,1,4
25,2026-01-26,GOLFATINA HORROR CON QUALCHE IMPRECAZIONE,https://youtu.be/CULR32YN7mM,83,4,nonsonodread,78,-5,2,3,4,4,4,4,8,3,2,1,5,3,4,14,6,4,5,2
25,2026-01-26,GOLFATINA HORROR CON QUALCHE IMPRECAZIONE,https://youtu.be/CULR32YN7mM,83,4,ilMasseo,78,-5,3,3,6,4,5,9,5,4,4,3,3,2,3,3,9,6,4,2
26,2026-01-27,UNA GOLFATINA OLIMPICA SPAZIALE!,https://youtu.be/u9_inJEE6JA,62,1,Mollu,74,12,2,3,2,1,3,4,6,4,2,3,14,4,4,5,2,5,7,3
26,2026-01-27,UNA GOLFATINA OLIMPICA SPAZIALE!,https://youtu.be/u9_inJEE6JA,62,2,Just Rohn,77,15,2,2,2,2,6,5,2,4,3,5,3,2,5,6,5,5,14,4
26,2026-01-27,UNA GOLFATINA OLIMPICA SPAZIALE!,https://youtu.be/u9_inJEE6JA,62,3,Delux,78,16,2,2,2,1,4,10,4,5,3,10,4,1,4,5,2,4,14,1
26,2026-01-27,UNA GOLFATINA OLIMPICA SPAZIALE!,https://youtu.be/u9_inJEE6JA,62,4,nonsonodread,92,30,3,4,3,2,5,2,5,3,5,14,4,2,3,8,4,4,14,7
26,2026-01-27,UNA GOLFATINA OLIMPICA SPAZIALE!,https://youtu.be/u9_inJEE6JA,62,5,GaBBo,107,45,2,2,4,3,12,8,4,4,2,6,4,4,11,7,5,6,14,9
27,2026-02-05,SDROGO GOLFATINA SUPER COMBATTUTA,https://youtu.be/97Z5oHEr8-4,61,1,GaBBo,87,26,2,2,2,3,2,3,5,2,3,3,12,11,9,4,7,3,7,7
27,2026-02-05,SDROGO GOLFATINA SUPER COMBATTUTA,https://youtu.be/97Z5oHEr8-4,61,1,ilMasseo,87,26,2,2,3,2,3,3,4,4,3,5,14,7,8,6,4,7,4,6
27,2026-02-05,SDROGO GOLFATINA SUPER COMBATTUTA,https://youtu.be/97Z5oHEr8-4,61,2,nonsonodread,91,30,1,2,3,5,2,1,5,2,3,6,14,8,9,5,7,5,7,6
27,2026-02-05,SDROGO GOLFATINA SUPER COMBATTUTA,https://youtu.be/97Z5oHEr8-4,61,3,JTaz,136,75,2,2,2,10,2,14,4,4,2,4,14,7,7,14,14,6,14,14
28,2026-02-06,GOLFATINA FUORI DI CAPOCCIA,https://youtu.be/G10APU6StfY,51,1,ilMasseo,56,5,2,3,3,2,3,2,4,5,5,2,2,3,3,4,2,3,4,4
28,2026-02-06,GOLFATINA FUORI DI CAPOCCIA,https://youtu.be/G10APU6StfY,51,2,nonsonodread,60,9,3,2,3,2,2,4,5,4,5,5,1,3,3,2,1,6,4,5
28,2026-02-06,GOLFATINA FUORI DI CAPOCCIA,https://youtu.be/G10APU6StfY,51,3,GaBBo,66,15,3,4,3,4,2,2,3,11,5,1,3,3,3,5,3,3,5,3
28,2026-02-06,GOLFATINA FUORI DI CAPOCCIA,https://youtu.be/G10APU6StfY,51,4,JTaz,78,27,3,3,7,2,3,3,3,3,5,3,2,4,5,4,2,2,8,16
29,2026-02-12,GOLFATINA INVERNALE CON COLPI SENZA SENSO,https://youtu.be/rOYOAVS4H54,74,1,Delux,44,-30,2,7,2,1,2,4,2,2,2,2,2,3,3,1,3,1,2,3
29,2026-02-12,GOLFATINA INVERNALE CON COLPI SENZA SENSO,https://youtu.be/rOYOAVS4H54,74,2,Just Rohn,52,-22,2,3,2,2,2,3,2,2,2,6,4,3,4,3,2,2,4,4
29,2026-02-12,GOLFATINA INVERNALE CON COLPI SENZA SENSO,https://youtu.be/rOYOAVS4H54,74,3,nonsonodread,59,-15,2,9,2,2,2,3,2,1,2,6,3,3,4,3,4,4,3,4
29,2026-02-12,GOLFATINA INVERNALE CON COLPI SENZA SENSO,https://youtu.be/rOYOAVS4H54,74,4,GaBBo,63,-11,3,2,2,2,4,4,8,2,2,9,3,5,3,3,3,2,4,2
29,2026-02-12,GOLFATINA INVERNALE CON COLPI SENZA SENSO,https://youtu.be/rOYOAVS4H54,74,5,ilMasseo,65,-9,2,3,2,2,4,4,2,2,2,6,2,2,2,4,4,3,14,5
30,2026-03-17,UNA GOLFATINA PACIFICA TRA AMICI,https://youtu.be/efppNZh_4UA,69,1,ilMasseo,74,5,3,2,3,1,4,1,5,12,5,3,4,3,4,5,3,7,7,2
30,2026-03-17,UNA GOLFATINA PACIFICA TRA AMICI,https://youtu.be/efppNZh_4UA,69,2,nonsonodread,78,9,4,3,6,5,3,3,4,13,1,3,3,4,6,4,5,4,5,2
30,2026-03-17,UNA GOLFATINA PACIFICA TRA AMICI,https://youtu.be/efppNZh_4UA,69,3,Delux,79,10,2,5,2,2,1,2,2,16,2,8,4,1,4,1,16,4,2,5
30,2026-03-17,UNA GOLFATINA PACIFICA TRA AMICI,https://youtu.be/efppNZh_4UA,69,4,GaBBo,87,18,3,4,7,5,2,2,5,10,5,7,5,2,6,2,7,5,6,4
31,2026-03-18,GOLFATINA DEMONIACA,https://youtu.be/sEUHEXe3iwM,53,1,Delux,64,11,1,2,2,4,6,4,4,5,7,1,2,3,3,2,4,4,4,6
31,2026-03-18,GOLFATINA DEMONIACA,https://youtu.be/sEUHEXe3iwM,53,2,nonsonodread,71,18,1,1,8,5,2,3,1,6,8,1,3,6,5,3,4,5,4,5
31,2026-03-18,GOLFATINA DEMONIACA,https://youtu.be/sEUHEXe3iwM,53,3,ilMasseo,77,24,3,3,3,4,8,4,2,3,7,4,2,6,4,4,5,3,6,6
31,2026-03-18,GOLFATINA DEMONIACA,https://youtu.be/sEUHEXe3iwM,53,3,GaBBo,77,24,2,2,6,7,3,4,3,8,6,4,3,6,3,3,5,3,3,6
32,2026-03-20,UNA GOLFATINA INIZIATA BENE E FINITA NEL CAOS PIU' TOTALE,https://youtu.be/YcdQ2kgViqM,53,1,ilMasseo,74,21,1,2,1,3,2,2,2,1,2,4,8,4,4,5,3,10,14,6
32,2026-03-20,UNA GOLFATINA INIZIATA BENE E FINITA NEL CAOS PIU' TOTALE,https://youtu.be/YcdQ2kgViqM,53,2,Just Rohn,78,25,1,3,2,3,2,3,1,4,1,5,4,4,6,4,3,14,14,4
32,2026-03-20,UNA GOLFATINA INIZIATA BENE E FINITA NEL CAOS PIU' TOTALE,https://youtu.be/YcdQ2kgViqM,53,3,GaBBo,80,27,3,2,2,2,2,5,4,3,4,5,8,6,4,4,3,4,14,5
32,2026-03-20,UNA GOLFATINA INIZIATA BENE E FINITA NEL CAOS PIU' TOTALE,https://youtu.be/YcdQ2kgViqM,53,4,nonsonodread,83,30,2,2,3,4,3,2,4,3,3,10,14,5,6,4,5,4,5,4
32,2026-03-20,UNA GOLFATINA INIZIATA BENE E FINITA NEL CAOS PIU' TOTALE,https://youtu.be/YcdQ2kgViqM,53,5,Mollu,88,35,1,2,2,7,2,5,3,2,4,4,5,5,6,3,2,14,14,7
33,2026-03-30,GOLFATINA A SQUADRE,https://youtu.be/aY8s3zHX0Qk,40,1,Delux,44,4,2,2,3,3,1,2,2,3,4,3,3,4,2,2,2,3,1,2
33,2026-03-30,GOLFATINA A SQUADRE,https://youtu.be/aY8s3zHX0Qk,40,2,Just Rohn,52,12,1,2,5,2,3,2,2,6,4,3,2,2,1,3,2,2,7,3
33,2026-03-30,GOLFATINA A SQUADRE,https://youtu.be/aY8s3zHX0Qk,40,3,nonsonodread,53,13,1,2,4,4,2,3,3,4,5,2,2,3,2,3,3,4,4,2
33,2026-03-30,GOLFATINA A SQUADRE,https://youtu.be/aY8s3zHX0Qk,40,4,GaBBo,71,31,2,1,5,2,6,2,2,3,4,14,3,3,3,3,1,2,14,1
34,2026-04-08,Questa volta abbiamo fatto DAVVERO ARRABBIARE il Rohnnino...,https://youtu.be/1SoHXNKL530,53,1,Delux,53,0,1,1,2,4,2,1,1,3,3,4,1,2,5,4,3,4,7,5
34,2026-04-08,Questa volta abbiamo fatto DAVVERO ARRABBIARE il Rohnnino...,https://youtu.be/1SoHXNKL530,53,2,GaBBo,57,4,1,1,1,2,3,1,4,6,3,3,3,1,5,7,6,2,4,4
34,2026-04-08,Questa volta abbiamo fatto DAVVERO ARRABBIARE il Rohnnino...,https://youtu.be/1SoHXNKL530,53,3,nonsonodread,59,6,2,2,2,7,3,3,1,3,4,2,2,2,3,3,4,8,3,5
34,2026-04-08,Questa volta abbiamo fatto DAVVERO ARRABBIARE il Rohnnino...,https://youtu.be/1SoHXNKL530,53,4,Just Rohn,65,12,1,1,3,5,3,2,3,3,3,3,2,4,9,5,3,7,5,3
35,2026-04-10,SDROGO GOLFATINA CON I RE DELLE PALLE,https://youtu.be/sXtQUINYS8Y,58,1,nonsonodread,61,3,1,1,3,3,2,2,3,5,8,5,1,5,1,4,3,4,4,6
35,2026-04-10,SDROGO GOLFATINA CON I RE DELLE PALLE,https://youtu.be/sXtQUINYS8Y,58,2,Just Rohn,72,14,2,3,4,6,3,4,4,4,3,3,4,4,2,6,5,5,4,6
35,2026-04-10,SDROGO GOLFATINA CON I RE DELLE PALLE,https://youtu.be/sXtQUINYS8Y,58,3,Delux,77,19,3,3,4,3,2,2,3,5,3,4,4,4,5,6,2,14,6,4
35,2026-04-10,SDROGO GOLFATINA CON I RE DELLE PALLE,https://youtu.be/sXtQUINYS8Y,58,4,GaBBo,82,24,3,3,6,6,3,2,7,4,4,4,2,5,2,5,7,7,4,8
36,2026-04-17,GOLFATINA FURIOSA!... nella MAPPA PIU' BELLA MAI GIOCATA!?,https://youtu.be/DtzjUGyzg0l,51,1,nonsonodread,77,26,1,1,3,3,9,5,3,4,3,2,8,4,3,1,5,3,5,14
36,2026-04-17,GOLFATINA FURIOSA!... nella MAPPA PIU' BELLA MAI GIOCATA!?,https://youtu.be/DtzjUGyzg0l,51,2,Delux,78,27,1,2,2,5,2,8,2,5,8,2,5,2,6,5,4,2,9,8
36,2026-04-17,GOLFATINA FURIOSA!... nella MAPPA PIU' BELLA MAI GIOCATA!?,https://youtu.be/DtzjUGyzg0l,51,3,Just Rohn,101,50,1,3,3,14,8,5,2,6,5,6,6,4,4,7,4,7,2,14
36,2026-04-17,GOLFATINA FURIOSA!... nella MAPPA PIU' BELLA MAI GIOCATA!?,https://youtu.be/DtzjUGyzg0l,51,4,GaBBo,102,51,2,4,2,6,5,4,3,4,4,10,8,4,5,6,6,7,14,8
37,2026-04-22,GOLFATINA MALEDETTA,https://youtu.be/K6XbosbFljg,39,1,Just Rohn,45,6,2,2,2,3,2,3,2,5,3,2,2,2,2,2,2,3,4,2
37,2026-04-22,GOLFATINA MALEDETTA,https://youtu.be/K6XbosbFljg,39,2,Delux,48,9,3,2,3,5,2,2,2,3,3,2,1,1,2,2,6,2,5,2
37,2026-04-22,GOLFATINA MALEDETTA,https://youtu.be/K6XbosbFljg,39,3,GaBBo,52,13,2,3,4,3,2,2,2,4,5,2,2,1,2,2,3,2,9,2
37,2026-04-22,GOLFATINA MALEDETTA,https://youtu.be/K6XbosbFljg,39,3,nonsonodread,52,13,3,3,2,2,2,2,3,2,4,4,1,6,2,3,4,2,5,2
38,2026-04-29,SDROGO GOLFATINA ma IO E ROHN abbiamo LITIGATO,https://youtu.be/ZKEYfCubz1k,54,1,Just Rohn,42,-12,2,2,1,2,2,4,1,2,2,3,2,3,3,4,4,1,2,2
38,2026-04-29,SDROGO GOLFATINA ma IO E ROHN abbiamo LITIGATO,https://youtu.be/ZKEYfCubz1k,54,2,nonsonodread,43,-11,4,3,1,3,2,6,2,2,2,3,1,2,4,2,1,1,2,2
38,2026-04-29,SDROGO GOLFATINA ma IO E ROHN abbiamo LITIGATO,https://youtu.be/ZKEYfCubz1k,54,2,Delux,43,-11,3,2,1,1,1,2,3,4,2,2,6,5,1,1,2,3,3,1
38,2026-04-29,SDROGO GOLFATINA ma IO E ROHN abbiamo LITIGATO,https://youtu.be/ZKEYfCubz1k,54,3,GaBBo,64,10,5,3,2,1,2,14,1,4,2,4,2,2,3,2,5,7,2,3
39,2026-05-01,GOLFATINA FINITA MALE...RAGEQUIT A META' PARTITA?!,https://youtu.be/uvZcJiAq51,53,1,Just Rohn,44,-9,3,2,3,4,1,4,3,1,4,2,2,2,2,2,4,1,1,3
39,2026-05-01,GOLFATINA FINITA MALE...RAGEQUIT A META' PARTITA?!,https://youtu.be/uvZcJiAq51,53,2,GaBBo,48,-5,3,1,2,5,3,3,4,2,3,3,1,2,4,2,2,2,1,5
39,2026-05-01,GOLFATINA FINITA MALE...RAGEQUIT A META' PARTITA?!,https://youtu.be/uvZcJiAq51,53,2,Delux,48,-5,4,2,2,5,6,2,1,2,3,3,3,1,4,2,2,1,1,4
39,2026-05-01,GOLFATINA FINITA MALE...RAGEQUIT A META' PARTITA?!,https://youtu.be/uvZcJiAq51,53,3,nonsonodread,52,-1,2,2,3,4,3,6,3,1,4,2,4,3,2,2,2,2,2,5
40,2026-05-07,L'ELENCO PIÚ BELLO MAI FATTO FINO AD ORA A MANI BASSE.,https://youtu.be/0E5bB60k9YI,59,1,Mollu,54,-5,8,5,5,2,1,2,2,1,4,3,1,2,6,3,3,3,2,1
40,2026-05-07,L'ELENCO PIÚ BELLO MAI FATTO FINO AD ORA A MANI BASSE.,https://youtu.be/0E5bB60k9YI,59,2,Just Rohn,57,-2,3,3,3,2,3,3,3,1,6,3,2,3,4,3,4,3,5,3
40,2026-05-07,L'ELENCO PIÚ BELLO MAI FATTO FINO AD ORA A MANI BASSE.,https://youtu.be/0E5bB60k9YI,59,3,nonsonodread,64,5,2,2,5,2,2,3,5,1,8,3,4,4,5,4,6,4,2,2
40,2026-05-07,L'ELENCO PIÚ BELLO MAI FATTO FINO AD ORA A MANI BASSE.,https://youtu.be/0E5bB60k9YI,59,4,Delux,65,6,2,2,7,5,1,3,3,1,8,3,2,7,4,5,4,3,3,2
40,2026-05-07,L'ELENCO PIÚ BELLO MAI FATTO FINO AD ORA A MANI BASSE.,https://youtu.be/0E5bB60k9YI,59,5,JTaz,98,39,3,5,4,2,17,5,3,1,7,5,3,5,17,5,7,3,4,2
41,2026-05-09,GOLFATINA MOLTO ARRABBIATA,https://youtu.be/a6lGtNxVAGM,68,1,Just Rohn,57,-11,4,2,3,2,2,3,3,2,3,3,4,4,2,4,4,3,4,5
41,2026-05-09,GOLFATINA MOLTO ARRABBIATA,https://youtu.be/a6lGtNxVAGM,68,2,nonsonodread,59,-9,4,2,2,3,2,4,4,3,2,5,4,4,3,2,4,3,4,4
41,2026-05-09,GOLFATINA MOLTO ARRABBIATA,https://youtu.be/a6lGtNxVAGM,68,3,Delux,66,-2,1,2,1,3,3,3,4,4,1,12,1,4,4,4,3,6,3,7
41,2026-05-09,GOLFATINA MOLTO ARRABBIATA,https://youtu.be/a6lGtNxVAGM,68,4,GaBBo,84,16,5,2,3,4,3,2,7,3,4,8,6,5,4,2,5,3,6,12
41,2026-05-09,GOLFATINA MOLTO ARRABBIATA,https://youtu.be/a6lGtNxVAGM,68,5,ilMasseo,98,30,4,2,2,3,3,3,5,12,8,12,12,4,11,4,3,3,6,11
42,2026-05-12,GOLFATINA OLIMPICA - UN RECORD IMPOSSIBILE DA BATTERE,https://youtu.be/2zdkusQJBbU,61,1,Delux,43,-18,2,5,1,8,3,4,4,2,1,2,1,1,1,3,1,2,1,1
42,2026-05-12,GOLFATINA OLIMPICA - UN RECORD IMPOSSIBILE DA BATTERE,https://youtu.be/2zdkusQJBbU,61,2,Just Rohn,49,-12,4,5,2,8,2,2,2,2,3,4,1,1,2,4,2,2,2,1
42,2026-05-12,GOLFATINA OLIMPICA - UN RECORD IMPOSSIBILE DA BATTERE,https://youtu.be/2zdkusQJBbU,61,3,JTaz,58,-3,6,2,2,6,6,3,4,3,6,3,2,1,3,2,4,3,1,1
42,2026-05-12,GOLFATINA OLIMPICA - UN RECORD IMPOSSIBILE DA BATTERE,https://youtu.be/2zdkusQJBbU,61,4,nonsonodread,62,1,5,5,1,14,2,2,3,3,4,4,1,2,3,3,3,1,2,4
43,2026-05-15,UNA MAPPA SDROGO PER UNA GOLFATINA SDROGO,https://youtu.be/54RjIkAC8g4,49,1,Mollu,44,-5,1,4,1,2,1,1,2,3,2,2,2,3,4,7,2,2,4,1
43,2026-05-15,UNA MAPPA SDROGO PER UNA GOLFATINA SDROGO,https://youtu.be/54RjIkAC8g4,49,2,GaBBo,54,5,2,3,4,2,1,3,2,3,3,3,2,3,6,4,3,4,2,4
43,2026-05-15,UNA MAPPA SDROGO PER UNA GOLFATINA SDROGO,https://youtu.be/54RjIkAC8g4,49,3,nonsonodread,55,6,1,2,3,2,1,4,3,2,3,2,2,9,2,6,3,3,4,3
43,2026-05-15,UNA MAPPA SDROGO PER UNA GOLFATINA SDROGO,https://youtu.be/54RjIkAC8g4,49,4,Just Rohn,58,9,1,1,3,10,2,3,3,3,4,2,3,2,5,5,2,3,3,3
43,2026-05-15,UNA MAPPA SDROGO PER UNA GOLFATINA SDROGO,https://youtu.be/54RjIkAC8g4,49,5,Delux,66,17,1,3,4,9,1,2,2,6,5,1,2,8,6,2,4,4,3,3
44,2026-05-26,GOLFATINA DI COMPLEANNO...MA MI TRATTANO TUTTI MALE,https://youtu.be/-NC4P43jSLs,53,1,Mollu,61,8,2,5,2,1,3,8,2,3,1,1,3,1,2,10,1,2,14,0
44,2026-05-26,GOLFATINA DI COMPLEANNO...MA MI TRATTANO TUTTI MALE,https://youtu.be/-NC4P43jSLs,53,2,Just Rohn,68,15,1,3,1,1,9,6,6,3,5,2,1,14,3,3,2,2,6,0
44,2026-05-26,GOLFATINA DI COMPLEANNO...MA MI TRATTANO TUTTI MALE,https://youtu.be/-NC4P43jSLs,53,3,nonsonodread,71,18,2,3,2,2,7,6,5,6,2,6,2,4,3,3,4,3,11,0
44,2026-05-26,GOLFATINA DI COMPLEANNO...MA MI TRATTANO TUTTI MALE,https://youtu.be/-NC4P43jSLs,53,4,ilMasseo,72,19,2,3,2,1,8,3,6,14,1,1,3,2,5,14,2,3,0,2
44,2026-05-26,GOLFATINA DI COMPLEANNO...MA MI TRATTANO TUTTI MALE,https://youtu.be/-NC4P43jSLs,53,5,JTaz,88,35,3,2,2,1,8,14,4,14,4,1,5,3,4,3,10,5,0,5
45,2026-06-05,SDROGO GOLFATINA ESPLOSIVA (letteralmente),https://youtu.be/YleYm6W8AU4,75,1,ilMasseo,71,-4,3,2,2,3,2,2,3,6,4,1,6,7,3,5,8,5,3,6
45,2026-06-05,SDROGO GOLFATINA ESPLOSIVA (letteralmente),https://youtu.be/YleYm6W8AU4,75,2,Just Rohn,74,-1,2,2,1,1,4,3,4,4,7,3,6,5,2,7,7,4,6,6
45,2026-06-05,SDROGO GOLFATINA ESPLOSIVA (letteralmente),https://youtu.be/YleYm6W8AU4,75,3,Delux,76,1,3,2,1,1,1,2,3,5,5,8,4,5,4,5,7,9,6,5
45,2026-06-05,SDROGO GOLFATINA ESPLOSIVA (letteralmente),https://youtu.be/YleYm6W8AU4,75,4,nonsonodread,80,5,2,4,1,1,4,3,4,6,6,1,6,6,3,8,7,3,8,7
45,2026-06-05,SDROGO GOLFATINA ESPLOSIVA (letteralmente),https://youtu.be/YleYm6W8AU4,75,5,GaBBo,93,18,3,3,2,1,7,5,4,7,8,3,4,5,4,6,8,3,14,6
46,2026-06-06,UNA CALDA GOLFATINA...CHE SAPPIAMO GIA' COME ANDRA' A FINIRE,https://youtu.be/la960Us8FWQ,50,1,Mollu,39,-11,2,1,2,2,1,3,1,1,2,3,3,1,1,2,2,1,3,8
46,2026-06-06,UNA CALDA GOLFATINA...CHE SAPPIAMO GIA' COME ANDRA' A FINIRE,https://youtu.be/la960Us8FWQ,50,2,Delux,43,-7,3,1,2,2,2,2,2,2,2,4,2,2,4,2,3,3,1,4
46,2026-06-06,UNA CALDA GOLFATINA...CHE SAPPIAMO GIA' COME ANDRA' A FINIRE,https://youtu.be/la960Us8FWQ,50,3,Just Rohn,44,-6,1,1,2,2,3,2,2,2,1,3,4,1,3,5,2,1,4,5
46,2026-06-06,UNA CALDA GOLFATINA...CHE SAPPIAMO GIA' COME ANDRA' A FINIRE,https://youtu.be/la960Us8FWQ,50,4,GaBBo,51,1,3,2,2,1,1,2,2,3,3,2,3,2,3,3,3,3,3,10
46,2026-06-06,UNA CALDA GOLFATINA...CHE SAPPIAMO GIA' COME ANDRA' A FINIRE,https://youtu.be/la960Us8FWQ,50,5,nonsonodread,54,4,3,2,1,3,1,2,2,4,3,4,4,2,1,3,4,2,5,8
47,2026-06-08,GOLFATINA SBUDELLANTE,https://youtu.be/x9M1RfIGCE4,49,1,Just Rohn,74,25,1,1,3,5,4,10,1,4,3,14,1,1,1,2,2,6,8,4
47,2026-06-08,GOLFATINA SBUDELLANTE,https://youtu.be/x9M1RfIGCE4,49,2,nonsonodread,82,33,3,5,11,5,11,1,2,4,2,4,11,6,3,3,2,1,7,2
47,2026-06-08,GOLFATINA SBUDELLANTE,https://youtu.be/x9M1RfIGCE4,49,3,Delux,101,52,8,6,14,4,14,1,2,3,9,1,9,6,6,14,1,1,1,2
47,2026-06-08,GOLFATINA SBUDELLANTE,https://youtu.be/x9M1RfIGCE4,49,4,ilMasseo,102,53,12,2,8,8,14,5,1,8,14,4,2,5,2,3,2,4,3,5
47,2026-06-08,GOLFATINA SBUDELLANTE,https://youtu.be/x9M1RfIGCE4,49,5,GaBBo,116,67,14,3,11,5,14,1,1,1,14,6,4,7,5,10,14,3,2,1
48,2026-06-10,GOLFATINA ESTIVA PER DIVERTIRCI FRA AMICI,https://youtu.be/XWkrat_kXCw,74,1,nonsonodread,53,-21,4,2,1,3,1,6,3,4,3,3,3,2,1,6,3,2,1,5
48,2026-06-10,GOLFATINA ESTIVA PER DIVERTIRCI FRA AMICI,https://youtu.be/XWkrat_kXCw,74,2,Delux,58,-16,1,2,6,3,2,3,4,3,4,5,6,3,1,4,2,4,1,4
48,2026-06-10,GOLFATINA ESTIVA PER DIVERTIRCI FRA AMICI,https://youtu.be/XWkrat_kXCw,74,3,Mollu,62,-12,3,2,2,4,4,2,3,3,4,2,6,2,1,8,6,3,1,6
48,2026-06-10,GOLFATINA ESTIVA PER DIVERTIRCI FRA AMICI,https://youtu.be/XWkrat_kXCw,74,4,Just Rohn,66,-8,3,2,5,4,5,3,5,3,3,1,3,2,1,3,3,3,13,4
48,2026-06-10,GOLFATINA ESTIVA PER DIVERTIRCI FRA AMICI,https://youtu.be/XWkrat_kXCw,74,5,GaBBo,67,-7,3,3,11,6,5,2,5,4,3,2,4,3,1,2,5,4,1,3
49,2026-06-11,QUESTA É LA GOLFATINA RISTORATIVA.,https://youtu.be/Hu7tK5NXzrU,56,1,Just Rohn,44,-12,2,3,3,8,3,4,1,3,1,4,2,4,2,1,2,1,1,1
49,2026-06-11,QUESTA É LA GOLFATINA RISTORATIVA.,https://youtu.be/Hu7tK5NXzrU,56,2,GaBBo,45,-11,4,2,1,5,5,3,1,2,3,5,2,6,1,3,1,1,1,1
49,2026-06-11,QUESTA É LA GOLFATINA RISTORATIVA.,https://youtu.be/Hu7tK5NXzrU,56,3,Delux,50,-6,4,8,1,4,4,3,1,3,2,3,2,9,3,1,1,1,1,1
49,2026-06-11,QUESTA É LA GOLFATINA RISTORATIVA.,https://youtu.be/Hu7tK5NXzrU,56,4,nonsonodread,54,-2,2,2,1,2,4,4,2,5,16,3,3,4,2,1,2,1,1,1
49,2026-06-11,QUESTA É LA GOLFATINA RISTORATIVA.,https://youtu.be/Hu7tK5NXzrU,56,5,Mollu,56,0,2,2,1,4,6,3,7,3,4,5,3,9,2,3,1,1,1,1
50,2026-06-12,UNA FRESCA GOLFATINA TRA LE CASCATE,https://youtu.be/Msk6dgjsLLc,51,1,Just Rohn,38,-13,3,2,2,2,3,2,2,1,1,2,2,1,2,3,1,4,2,3
50,2026-06-12,UNA FRESCA GOLFATINA TRA LE CASCATE,https://youtu.be/Msk6dgjsLLc,51,2,GaBBo,46,-5,4,2,2,2,6,2,1,5,2,2,3,2,1,1,5,2,2,2
50,2026-06-12,UNA FRESCA GOLFATINA TRA LE CASCATE,https://youtu.be/Msk6dgjsLLc,51,3,nonsonodread,53,2,3,4,3,2,4,2,2,14,1,5,2,2,1,2,1,2,2,1
51,2026-06-19,UNA GOLFATINA NEI CIELI...PASSATA A INSULTARE CHI CI ABITA,https://youtu.be/SjL8fdo25HY,57,1,Just Rohn,93,36,4,2,4,4,3,2,5,6,7,4,7,4,1,8,7,10,10,5
51,2026-06-19,UNA GOLFATINA NEI CIELI...PASSATA A INSULTARE CHI CI ABITA,https://youtu.be/SjL8fdo25HY,57,2,Delux,107,50,9,2,6,4,5,1,4,8,5,3,9,3,1,14,14,8,9,2
51,2026-06-19,UNA GOLFATINA NEI CIELI...PASSATA A INSULTARE CHI CI ABITA,https://youtu.be/SjL8fdo25HY,57,3,nonsonodread,109,52,9,1,4,6,7,1,7,6,9,3,6,7,3,9,9,8,9,5
51,2026-06-19,UNA GOLFATINA NEI CIELI...PASSATA A INSULTARE CHI CI ABITA,https://youtu.be/SjL8fdo25HY,57,4,ilMasseo,132,75,5,2,5,14,7,2,3,10,14,5,6,3,4,5,14,11,11,11
51,2026-06-19,UNA GOLFATINA NEI CIELI...PASSATA A INSULTARE CHI CI ABITA,https://youtu.be/SjL8fdo25HY,57,5,GaBBo,145,88,8,1,9,14,10,2,5,7,9,10,5,3,5,14,10,9,10,14
52,2026-06-20,GOLFATINA DELIZIOSA,https://youtu.be/VOkBVCSZfPU,69,1,Just Rohn,68,-1,1,2,1,2,4,1,6,3,7,5,5,4,2,7,2,5,6,5
52,2026-06-20,GOLFATINA DELIZIOSA,https://youtu.be/VOkBVCSZfPU,69,2,Mollu,70,1,2,1,1,2,5,1,6,5,6,4,5,6,2,6,2,4,5,7
52,2026-06-20,GOLFATINA DELIZIOSA,https://youtu.be/VOkBVCSZfPU,69,3,nonsonodread,72,3,2,3,1,4,4,1,5,4,5,3,6,6,2,3,3,5,9,6
52,2026-06-20,GOLFATINA DELIZIOSA,https://youtu.be/VOkBVCSZfPU,69,4,Delux,83,14,1,2,2,7,4,2,5,3,5,6,7,5,2,5,2,6,6,13
52,2026-06-20,GOLFATINA DELIZIOSA,https://youtu.be/VOkBVCSZfPU,69,5,GaBBo,86,17,2,1,3,4,3,1,5,6,6,3,6,5,11,5,2,7,6,10
53,2026-06-21,SDROGO GOLFATINA ma IO CREDO NEL PROGETTO GABBINESS,https://youtu.be/PhqKCnbBATg,63,1,nonsonodread,59,-4,2,2,2,6,4,5,5,2,5,4,3,5,2,1,3,3,3,2
53,2026-06-21,SDROGO GOLFATINA ma IO CREDO NEL PROGETTO GABBINESS,https://youtu.be/PhqKCnbBATg,63,1,Just Rohn,59,-4,2,3,2,6,3,5,5,3,5,4,3,5,2,2,2,3,2,2
53,2026-06-21,SDROGO GOLFATINA ma IO CREDO NEL PROGETTO GABBINESS,https://youtu.be/PhqKCnbBATg,63,1,ilMasseo,59,-4,2,4,3,5,3,5,4,2,4,6,3,7,2,1,2,2,2,2
53,2026-06-21,SDROGO GOLFATINA ma IO CREDO NEL PROGETTO GABBINESS,https://youtu.be/PhqKCnbBATg,63,2,GaBBo,64,1,3,5,2,8,3,5,4,1,3,5,4,7,3,1,2,3,3,2
53,2026-06-21,SDROGO GOLFATINA ma IO CREDO NEL PROGETTO GABBINESS,https://youtu.be/PhqKCnbBATg,63,3,Delux,68,5,2,3,2,6,4,4,6,2,5,5,3,9,5,1,2,3,4,2
54,2026-06-22,UNA GOLFATINA ZUCCHERATA,https://youtu.be/GAJyP4Qc5Es,74,1,GaBBo,59,-15,2,2,3,2,4,3,3,4,1,2,2,6,3,5,3,3,3,8
54,2026-06-22,UNA GOLFATINA ZUCCHERATA,https://youtu.be/GAJyP4Qc5Es,74,2,nonsonodread,61,-13,2,2,2,5,8,4,3,3,1,2,3,6,3,2,4,2,4,5
54,2026-06-22,UNA GOLFATINA ZUCCHERATA,https://youtu.be/GAJyP4Qc5Es,74,3,Just Rohn,63,-11,2,1,4,6,3,3,4,2,1,3,4,1,6,3,4,4,4,8
54,2026-06-22,UNA GOLFATINA ZUCCHERATA,https://youtu.be/GAJyP4Qc5Es,74,3,Delux,63,-11,2,4,2,3,4,6,2,4,1,3,2,5,2,2,6,4,7,4
54,2026-06-22,UNA GOLFATINA ZUCCHERATA,https://youtu.be/GAJyP4Qc5Es,74,4,ilMasseo,64,-10,3,2,3,3,2,4,4,3,1,2,3,5,4,6,2,5,4,8
55,2026-06-27,UNA GOLFATINA VERAMENTE POCO BLASFEMA.,https://youtu.be/drFF-_eNNJE,60,1,nonsonodread,98,38,1,1,3,3,2,9,11,5,4,3,4,2,5,11,5,7,6,16
55,2026-06-27,UNA GOLFATINA VERAMENTE POCO BLASFEMA.,https://youtu.be/drFF-_eNNJE,60,2,Delux,99,39,1,1,5,5,2,6,6,2,16,9,5,2,5,5,2,9,2,16
55,2026-06-27,UNA GOLFATINA VERAMENTE POCO BLASFEMA.,https://youtu.be/drFF-_eNNJE,60,3,Just Rohn,109,49,2,2,9,2,3,7,6,4,5,11,16,5,3,6,5,5,2,16
55,2026-06-27,UNA GOLFATINA VERAMENTE POCO BLASFEMA.,https://youtu.be/drFF-_eNNJE,60,4,GaBBo,126,66,1,6,1,7,4,7,8,2,16,5,4,5,6,16,8,10,4,16
55,2026-06-27,UNA GOLFATINA VERAMENTE POCO BLASFEMA.,https://youtu.be/drFF-_eNNJE,60,5,ilMasseo,140,80,2,8,3,16,2,6,7,4,8,13,8,4,6,8,11,8,10,16
56,2026-07-03,GOLFATINA NEL CASTELLO! LA MAPPA PIU' BELLA DI SEMPRE?!,https://youtu.be/CS8kqLYXJZo,59,1,Delux,35,-24,2,1,4,1,1,1,2,2,2,2,2,5,3,1,2,2,1,1
56,2026-07-03,GOLFATINA NEL CASTELLO! LA MAPPA PIU' BELLA DI SEMPRE?!,https://youtu.be/CS8kqLYXJZo,59,2,ilMasseo,48,-11,4,2,4,2,1,1,4,4,3,2,4,2,4,2,2,1,2,4
56,2026-07-03,GOLFATINA NEL CASTELLO! LA MAPPA PIU' BELLA DI SEMPRE?!,https://youtu.be/CS8kqLYXJZo,59,3,Just Rohn,54,-5,3,3,3,2,1,1,1,6,3,2,3,5,4,3,3,5,2,4
56,2026-07-03,GOLFATINA NEL CASTELLO! LA MAPPA PIU' BELLA DI SEMPRE?!,https://youtu.be/CS8kqLYXJZo,59,4,nonsonodread,58,-1,2,2,14,1,4,2,2,2,2,2,1,2,5,2,1,4,3,7
56,2026-07-03,GOLFATINA NEL CASTELLO! LA MAPPA PIU' BELLA DI SEMPRE?!,https://youtu.be/CS8kqLYXJZo,59,5,GaBBo,63,4,2,4,3,2,3,1,4,3,2,2,2,7,3,3,3,2,3,14
57,2026-07-05,SDROGO GOLFATINA CON DUE PAZZI SCATENATI,https://youtu.be/pehCX9kJwbl,71,1,nonsonodread,53,-18,2,3,2,4,3,3,2,2,2,4,1,3,2,2,4,4,5,5
57,2026-07-05,SDROGO GOLFATINA CON DUE PAZZI SCATENATI,https://youtu.be/pehCX9kJwbl,71,2,nbayungchape,62,-9,3,5,2,2,3,2,3,2,4,1,4,6,4,6,4,3,4,4
57,2026-07-05,SDROGO GOLFATINA CON DUE PAZZI SCATENATI,https://youtu.be/pehCX9kJwbl,71,2,GaBBo,62,-9,2,4,2,2,2,3,3,5,2,3,3,5,4,7,4,4,4,3
57,2026-07-05,SDROGO GOLFATINA CON DUE PAZZI SCATENATI,https://youtu.be/pehCX9kJwbl,71,3,Delux,71,0,1,5,2,2,4,2,1,2,2,3,6,8,4,10,5,6,4,4
57,2026-07-05,SDROGO GOLFATINA CON DUE PAZZI SCATENATI,https://youtu.be/pehCX9kJwbl,71,4,Fava,98,27,3,4,3,2,3,3,2,6,14,2,5,8,2,14,7,4,6,10
58,2026-07-07,UNA GOLFATINA CON LE COLLISIONI PER CHI NON SI OFFENDE.,https://youtu.be/As94bosHv14,54,1,nonsonodread,64,10,4,2,1,7,5,3,1,3,3,3,1,3,4,3,2,7,10,2
58,2026-07-07,UNA GOLFATINA CON LE COLLISIONI PER CHI NON SI OFFENDE.,https://youtu.be/As94bosHv14,54,2,JTaz,69,15,4,1,3,6,4,4,1,3,3,5,5,4,3,3,3,7,9,1
58,2026-07-07,UNA GOLFATINA CON LE COLLISIONI PER CHI NON SI OFFENDE.,https://youtu.be/As94bosHv14,54,3,Delux,99,45,2,12,1,5,4,7,4,6,5,9,3,3,3,5,4,9,16,1
58,2026-07-07,UNA GOLFATINA CON LE COLLISIONI PER CHI NON SI OFFENDE.,https://youtu.be/As94bosHv14,54,4,GaBBo,122,68,11,2,2,7,6,6,5,11,8,10,4,6,7,6,7,8,15,1
59,2026-07-11,LA GOLFATINA PIÙ DIFFICILE DI SEMPRE,https://youtu.be/hJpkPpCW4xl,68,1,nonsonodread,97,29,2,3,4,5,10,8,4,2,1,3,4,5,6,8,16,10,6,0
59,2026-07-11,LA GOLFATINA PIÙ DIFFICILE DI SEMPRE,https://youtu.be/hJpkPpCW4xl,68,2,Just Rohn,99,31,2,3,4,7,11,6,4,1,1,3,5,5,12,4,16,10,0,5
59,2026-07-11,LA GOLFATINA PIÙ DIFFICILE DI SEMPRE,https://youtu.be/hJpkPpCW4xl,68,3,Delux,112,44,1,3,7,3,5,9,5,2,2,2,5,11,8,6,16,11,16,0
59,2026-07-11,LA GOLFATINA PIÙ DIFFICILE DI SEMPRE,https://youtu.be/hJpkPpCW4xl,68,4,ilMasseo,115,47,2,3,4,4,13,5,4,3,1,3,10,4,6,16,8,16,13,0
59,2026-07-11,LA GOLFATINA PIÙ DIFFICILE DI SEMPRE,https://youtu.be/hJpkPpCW4xl,68,5,JTaz,122,54,3,9,5,5,10,5,5,1,1,5,5,5,4,16,16,16,0,11
60,2026-07-23,LA GOLFATINA SETTIMANALE DEL CRISTO,https://youtu.be/uNAW22mWuuw,72,1,Delux,61,-11,2,1,6,2,3,3,4,2,5,2,1,6,4,5,4,3,5,3
60,2026-07-23,LA GOLFATINA SETTIMANALE DEL CRISTO,https://youtu.be/uNAW22mWuuw,72,2,ilMasseo,65,-7,3,1,3,3,4,6,4,4,3,5,3,5,4,2,5,5,4,1
60,2026-07-23,LA GOLFATINA SETTIMANALE DEL CRISTO,https://youtu.be/uNAW22mWuuw,72,3,nonsonodread,66,-6,2,2,5,3,3,3,2,4,2,5,6,4,5,4,5,3,4,4
60,2026-07-23,LA GOLFATINA SETTIMANALE DEL CRISTO,https://youtu.be/uNAW22mWuuw,72,4,GaBBo,74,2,1,2,4,3,2,4,5,6,3,3,3,11,5,2,4,3,5,8
60,2026-07-23,LA GOLFATINA SETTIMANALE DEL CRISTO,https://youtu.be/uNAW22mWuuw,72,5,Mollu,77,5,2,1,4,2,4,3,4,4,4,3,4,5,4,4,11,7,5,6
61,2026-07-24,LA GOLFATINA DELLA REDENZIONE DI JUST ROHN,https://youtu.be/6Gg1212y3G4,42,1,Delux,62,20,2,2,3,4,5,3,8,4,4,5,2,2,8,1,4,3,4,2
61,2026-07-24,LA GOLFATINA DELLA REDENZIONE DI JUST ROHN,https://youtu.be/6Gg1212y3G4,42,2,nonsonodread,70,28,2,5,5,2,6,4,5,6,5,3,1,3,8,2,7,2,4,4
61,2026-07-24,LA GOLFATINA DELLA REDENZIONE DI JUST ROHN,https://youtu.be/6Gg1212y3G4,42,3,GaBBo,80,38,5,3,4,3,4,3,8,4,4,6,2,6,7,7,4,4,3,3
61,2026-07-24,LA GOLFATINA DELLA REDENZIONE DI JUST ROHN,https://youtu.be/6Gg1212y3G4,42,4,Just Rohn,83,41,3,14,3,4,5,5,6,5,4,3,2,6,14,6,3,2,3,2
61,2026-07-24,LA GOLFATINA DELLA REDENZIONE DI JUST ROHN,https://youtu.be/6Gg1212y3G4,42,5,JTaz,90,48,1,1,7,4,6,3,8,6,14,3,3,5,14,3,3,2,2,2
62,2026-08-31,"ZUGU GOLFATINA ESTIVA 🏖️ con DREAD, ROHN, DELUX, JTAZ",https://youtu.be/UiuVahUOQWM,57,1,Just Rohn,49,-8,1,1,2,3,3,3,2,2,2,3,7,3,2,2,2,6,3,2
62,2026-08-31,"ZUGU GOLFATINA ESTIVA 🏖️ con DREAD, ROHN, DELUX, JTAZ",https://youtu.be/UiuVahUOQWM,57,2,nonsonodread,54,-3,1,1,3,2,4,2,2,2,3,3,5,4,3,3,3,5,3,5
62,2026-08-31,"ZUGU GOLFATINA ESTIVA 🏖️ con DREAD, ROHN, DELUX, JTAZ",https://youtu.be/UiuVahUOQWM,57,3,JTaz,58,1,1,4,4,3,3,2,2,3,3,2,8,3,2,3,2,5,4,4
62,2026-08-31,"ZUGU GOLFATINA ESTIVA 🏖️ con DREAD, ROHN, DELUX, JTAZ",https://youtu.be/UiuVahUOQWM,57,4,Delux,62,5,4,2,5,3,2,2,3,2,3,3,11,4,3,3,3,4,3,2
63,2026-04-30,"LA GOLFATINA più TRANQUILLA di SEMPRE ⛳ con DREAD, DELUX, GABBO, JTAZ",https://youtu.be/kO4zxE6BXPA,53,1,nonsonodread,70,17,2,2,5,3,4,4,2,1,3,2,7,6,4,4,5,2,14,
63,2026-04-30,"LA GOLFATINA più TRANQUILLA di SEMPRE ⛳ con DREAD, DELUX, GABBO, JTAZ",https://youtu.be/kO4zxE6BXPA,53,2,Delux,71,18,3,2,3,2,4,3,4,4,3,6,7,2,3,3,5,3,14,
63,2026-04-30,"LA GOLFATINA più TRANQUILLA di SEMPRE ⛳ con DREAD, DELUX, GABBO, JTAZ",https://youtu.be/kO4zxE6BXPA,53,3,JTaz,74,21,2,2,4,2,3,2,3,3,3,3,7,3,4,5,5,9,14,
63,2026-04-30,"LA GOLFATINA più TRANQUILLA di SEMPRE ⛳ con DREAD, DELUX, GABBO, JTAZ",https://youtu.be/kO4zxE6BXPA,53,4,GaBBo,83,30,3,2,2,1,3,2,8,4,3,5,5,7,4,6,3,11,14,
64,2026-05-23,"GOLFATINA da GANGSTER 💰 con DREAD, DELUX, GABBO, JTAZ",https://youtu.be/E6I5NOp2yKQ,75,1,Delux,54,-21,2,2,1,1,3,2,5,6,1,5,4,3,5,2,3,2,6,1
64,2026-05-23,"GOLFATINA da GANGSTER 💰 con DREAD, DELUX, GABBO, JTAZ",https://youtu.be/E6I5NOp2yKQ,75,2,nonsonodread,55,-20,1,1,2,2,3,5,4,3,3,3,5,4,3,4,4,3,4,1
64,2026-05-23,"GOLFATINA da GANGSTER 💰 con DREAD, DELUX, GABBO, JTAZ",https://youtu.be/E6I5NOp2yKQ,75,3,JTaz,69,-6,2,2,3,3,2,4,7,3,1,6,5,7,5,4,6,3,5,1
64,2026-05-23,"GOLFATINA da GANGSTER 💰 con DREAD, DELUX, GABBO, JTAZ",https://youtu.be/E6I5NOp2yKQ,75,4,GaBBo,100,25,2,1,2,2,3,5,4,5,1,14,14,11,8,6,5,2,14,1
65,2026-07-13,"GOLFATINA a BLOCCHI di MINECRAFT (sono una pippa) ⛳️ con DREAD, DELUX, GABBO, JTAZ",https://youtu.be/lwXehBrxT98,67,1,Delux,58,-9,3,3,4,4,5,3,3,2,4,2,2,2,4,5,2,3,3,4
65,2026-07-13,"GOLFATINA a BLOCCHI di MINECRAFT (sono una pippa) ⛳️ con DREAD, DELUX, GABBO, JTAZ",https://youtu.be/lwXehBrxT98,67,2,nonsonodread,61,-6,2,3,3,2,1,3,3,3,3,6,3,3,4,11,2,4,1,4
65,2026-07-13,"GOLFATINA a BLOCCHI di MINECRAFT (sono una pippa) ⛳️ con DREAD, DELUX, GABBO, JTAZ",https://youtu.be/lwXehBrxT98,67,3,GaBBo,66,-1,3,3,6,3,4,3,5,2,3,7,3,7,3,2,3,3,4,2
65,2026-07-13,"GOLFATINA a BLOCCHI di MINECRAFT (sono una pippa) ⛳️ con DREAD, DELUX, GABBO, JTAZ",https://youtu.be/lwXehBrxT98,67,4,JTaz,75,8,4,8,4,5,9,4,4,4,3,3,3,4,1,2,4,2,5,6
66,2026-06-26,"UNA GOLFATINA RICCA DI SEGRETI E PAROLE BANNABILI w/ROHN, DREAD, GABBO, DELUX e il MASSEO ⛳",https://youtu.be/-FYK0fm5JjU,90,1,Delux,53,-37,3,2,4,2,3,4,2,2,2,1,10,3,3,1,3,1,1,6
66,2026-06-26,"UNA GOLFATINA RICCA DI SEGRETI E PAROLE BANNABILI w/ROHN, DREAD, GABBO, DELUX e il MASSEO ⛳",https://youtu.be/-FYK0fm5JjU,90,2,nonsonodread,59,-31,3,3,3,3,3,3,3,6,1,2,5,2,4,1,5,3,1,8
66,2026-06-26,"UNA GOLFATINA RICCA DI SEGRETI E PAROLE BANNABILI w/ROHN, DREAD, GABBO, DELUX e il MASSEO ⛳",https://youtu.be/-FYK0fm5JjU,90,3,Just Rohn,62,-28,2,3,4,2,3,2,1,3,2,6,6,3,2,1,4,3,1,14
66,2026-06-26,"UNA GOLFATINA RICCA DI SEGRETI E PAROLE BANNABILI w/ROHN, DREAD, GABBO, DELUX e il MASSEO ⛳",https://youtu.be/-FYK0fm5JjU,90,4,GaBBo,69,-21,2,3,4,3,2,3,4,2,1,2,6,2,6,3,8,3,1,14
66,2026-06-26,"UNA GOLFATINA RICCA DI SEGRETI E PAROLE BANNABILI w/ROHN, DREAD, GABBO, DELUX e il MASSEO ⛳",https://youtu.be/-FYK0fm5JjU,90,5,ilMasseo,78,-12,1,2,4,3,3,5,1,6,1,1,9,2,5,1,8,11,1,14
67,2026-07-10,"L'ULTIMA GOLFATINA...CON GLI OCCHIALI?! GIOCHIAMO SENZA AGITARCI con ROHN, DREAD, DELUX e JTAZ ⛳",https://youtu.be/iHz3SBcySM8,75,1,Delux,70,-5,3,4,2,4,1,3,5,4,4,8,10,2,2,3,4,2,4,5
67,2026-07-10,"L'ULTIMA GOLFATINA...CON GLI OCCHIALI?! GIOCHIAMO SENZA AGITARCI con ROHN, DREAD, DELUX e JTAZ ⛳",https://youtu.be/iHz3SBcySM8,75,2,Just Rohn,74,-1,3,3,3,5,4,5,4,3,5,6,5,2,3,2,5,5,6,5
67,2026-07-10,"L'ULTIMA GOLFATINA...CON GLI OCCHIALI?! GIOCHIAMO SENZA AGITARCI con ROHN, DREAD, DELUX e JTAZ ⛳",https://youtu.be/iHz3SBcySM8,75,3,JTaz,93,18,5,7,5,5,4,2,4,3,5,3,7,3,2,3,5,14,2,14
67,2026-07-10,"L'ULTIMA GOLFATINA...CON GLI OCCHIALI?! GIOCHIAMO SENZA AGITARCI con ROHN, DREAD, DELUX e JTAZ ⛳",https://youtu.be/iHz3SBcySM8,75,4,nonsonodread,96,21,3,5,2,7,9,4,3,4,4,11,6,2,2,4,4,4,14,8
68,2026-07-31,"LA GOLFATINA NELLA CAVERNA...FINISCE IN TRAGEDIA! w/ROHN, DREAD, GABBO, DELUX, MOLLU e IL MASSEO ⛳",https://youtu.be/3BTlussfTgQ,73,1,nonsonodread,66,-7,3,1,3,2,2,7,3,2,6,5,4,5,1,2,7,4,2,7
68,2026-07-31,"LA GOLFATINA NELLA CAVERNA...FINISCE IN TRAGEDIA! w/ROHN, DREAD, GABBO, DELUX, MOLLU e IL MASSEO ⛳",https://youtu.be/3BTlussfTgQ,73,2,Mollu,67,-6,2,2,3,4,2,7,4,3,3,3,2,5,1,4,6,8,2,6
68,2026-07-31,"LA GOLFATINA NELLA CAVERNA...FINISCE IN TRAGEDIA! w/ROHN, DREAD, GABBO, DELUX, MOLLU e IL MASSEO ⛳",https://youtu.be/3BTlussfTgQ,73,2,Delux,67,-6,1,1,3,2,5,6,3,3,3,14,3,3,1,3,8,2,2,4
68,2026-07-31,"LA GOLFATINA NELLA CAVERNA...FINISCE IN TRAGEDIA! w/ROHN, DREAD, GABBO, DELUX, MOLLU e IL MASSEO ⛳",https://youtu.be/3BTlussfTgQ,73,3,Just Rohn,86,13,2,1,3,2,1,3,4,2,9,7,4,5,4,14,2,6,3,14
68,2026-07-31,"LA GOLFATINA NELLA CAVERNA...FINISCE IN TRAGEDIA! w/ROHN, DREAD, GABBO, DELUX, MOLLU e IL MASSEO ⛳",https://youtu.be/3BTlussfTgQ,73,4,ilMasseo,87,14,3,2,3,6,2,14,3,3,5,5,4,5,1,9,4,8,3,7
68,2026-07-31,"LA GOLFATINA NELLA CAVERNA...FINISCE IN TRAGEDIA! w/ROHN, DREAD, GABBO, DELUX, MOLLU e IL MASSEO ⛳",https://youtu.be/3BTlussfTgQ,73,5,GaBBo,90,17,3,1,2,1,2,6,3,2,3,14,3,7,1,14,5,5,4,14
69,2026-07-17,"LA MIA PRIMA GOLFATINA SENZA OCCHIALI...E' STATA UN DISASTRO! w/ROHN, DREAD, GABBO, DELUX e JTAZ ⛳",https://youtu.be/Utm999peUYg,54,1,Delux,60,6,4,5,2,2,6,3,2,5,2,6,3,2,3,5,2,3,3,2
69,2026-07-17,"LA MIA PRIMA GOLFATINA SENZA OCCHIALI...E' STATA UN DISASTRO! w/ROHN, DREAD, GABBO, DELUX e JTAZ ⛳",https://youtu.be/Utm999peUYg,54,2,GaBBo,64,10,14,7,2,4,4,2,3,5,2,4,1,2,3,5,3,1,1,1
69,2026-07-17,"LA MIA PRIMA GOLFATINA SENZA OCCHIALI...E' STATA UN DISASTRO! w/ROHN, DREAD, GABBO, DELUX e JTAZ ⛳",https://youtu.be/Utm999peUYg,54,3,nonsonodread,65,11,11,4,3,5,2,5,3,7,2,1,4,2,4,1,2,3,3,3
69,2026-07-17,"LA MIA PRIMA GOLFATINA SENZA OCCHIALI...E' STATA UN DISASTRO! w/ROHN, DREAD, GABBO, DELUX e JTAZ ⛳",https://youtu.be/Utm999peUYg,54,4,Just Rohn,70,16,14,3,3,3,3,3,4,1,5,4,3,2,6,5,2,3,2,4
69,2026-07-17,"LA MIA PRIMA GOLFATINA SENZA OCCHIALI...E' STATA UN DISASTRO! w/ROHN, DREAD, GABBO, DELUX e JTAZ ⛳",https://youtu.be/Utm999peUYg,54,5,JTaz,79,25,14,6,2,4,2,1,2,5,5,1,5,2,4,8,2,3,8,5
70,2026-07-29,SDROGO GOLFATINA FARAONICA ESPLOSIVA 💣💥,https://youtu.be/JNd8kXdBYGM,75,1,Mollu,84,9,2,2,1,3,4,6,5,3,2,4,2,1,5,8,1,9,12,14
70,2026-07-29,SDROGO GOLFATINA FARAONICA ESPLOSIVA 💣💥,https://youtu.be/JNd8kXdBYGM,75,2,Just Rohn,86,11,1,1,1,2,4,3,7,4,6,8,2,7,4,8,2,6,6,14
70,2026-07-29,SDROGO GOLFATINA FARAONICA ESPLOSIVA 💣💥,https://youtu.be/JNd8kXdBYGM,75,3,nonsonodread,90,15,2,1,8,2,1,3,2,6,5,10,2,5,3,6,1,8,11,14
70,2026-07-29,SDROGO GOLFATINA FARAONICA ESPLOSIVA 💣💥,https://youtu.be/JNd8kXdBYGM,75,4,Delux,91,16,2,1,1,3,5,8,4,5,3,8,2,5,3,4,3,6,14,14
70,2026-07-29,SDROGO GOLFATINA FARAONICA ESPLOSIVA 💣💥,https://youtu.be/JNd8kXdBYGM,75,5,ilMasseo,101,26,2,2,2,3,1,6,5,9,6,8,2,1,3,14,1,8,14,14
70,2026-07-29,SDROGO GOLFATINA FARAONICA ESPLOSIVA 💣💥,https://youtu.be/JNd8kXdBYGM,75,6,GaBBo,108,33,3,3,7,3,5,4,7,8,11,4,3,3,4,6,7,10,10,10
71,2026-08-26,"GOLFATINA AI LIMITI DELLA PAZIENZA (Gabbo ha rotto TUTTO) Dread, Rohn, Gabbo, Masseo, Delux, Mollu",https://youtu.be/1mMxDTw_ytQ,74,1,Delux,89,15,2,2,4,2,3,7,3,4,8,6,6,2,4,3,6,14,7,6
71,2026-08-26,"GOLFATINA AI LIMITI DELLA PAZIENZA (Gabbo ha rotto TUTTO) Dread, Rohn, Gabbo, Masseo, Delux, Mollu",https://youtu.be/1mMxDTw_ytQ,74,2,Just Rohn,94,20,3,2,4,2,3,2,3,3,7,5,7,3,3,3,5,14,11,14
71,2026-08-26,"GOLFATINA AI LIMITI DELLA PAZIENZA (Gabbo ha rotto TUTTO) Dread, Rohn, Gabbo, Masseo, Delux, Mollu",https://youtu.be/1mMxDTw_ytQ,74,3,ilMasseo,95,21,3,3,6,4,4,4,3,2,5,3,7,2,5,2,7,14,9,12
71,2026-08-26,"GOLFATINA AI LIMITI DELLA PAZIENZA (Gabbo ha rotto TUTTO) Dread, Rohn, Gabbo, Masseo, Delux, Mollu",https://youtu.be/1mMxDTw_ytQ,74,4,nonsonodread,96,22,3,3,4,2,5,5,3,3,4,6,6,3,5,3,10,14,9,8
71,2026-08-26,"GOLFATINA AI LIMITI DELLA PAZIENZA (Gabbo ha rotto TUTTO) Dread, Rohn, Gabbo, Masseo, Delux, Mollu",https://youtu.be/1mMxDTw_ytQ,74,5,Mollu,102,28,3,3,5,3,4,3,5,3,8,5,9,2,4,4,5,14,8,14
72,2026-06-18,"UNA GOLFATINA MOLTO EDUCATA. con Delux, Rohn, Gabbo & Masseo",https://youtu.be/wwmsp8CASPU,59,1,Delux,64,5,2,3,3,6,1,2,2,1,6,1,11,2,5,2,2,3,8,4
72,2026-06-18,"UNA GOLFATINA MOLTO EDUCATA. con Delux, Rohn, Gabbo & Masseo",https://youtu.be/wwmsp8CASPU,59,2,Just Rohn,70,11,5,4,1,1,1,2,4,2,3,1,4,6,2,5,16,4,8,1
72,2026-06-18,"UNA GOLFATINA MOLTO EDUCATA. con Delux, Rohn, Gabbo & Masseo",https://youtu.be/wwmsp8CASPU,59,3,ilMasseo,72,13,5,3,2,3,1,10,4,2,4,16,3,3,2,2,2,4,2,4
72,2026-06-18,"UNA GOLFATINA MOLTO EDUCATA. con Delux, Rohn, Gabbo & Masseo",https://youtu.be/wwmsp8CASPU,59,4,GaBBo,95,36,4,2,4,4,1,3,3,1,5,16,6,9,4,3,7,7,9,7
73,2026-04-23,"QUATTRO GOLFISTI PROFESSIONISTI GIOCANO AL VIDEOGIOCO DEL MINIGOLF con Delux, Dread, Gabbo & JTaz",https://youtu.be/24gIGkEHAfw,72,1,Delux,66,-6,2,1,2,7,5,3,3,3,4,2,6,5,3,3,3,2,8,4
73,2026-04-23,"QUATTRO GOLFISTI PROFESSIONISTI GIOCANO AL VIDEOGIOCO DEL MINIGOLF con Delux, Dread, Gabbo & JTaz",https://youtu.be/24gIGkEHAfw,72,2,nonsonodread,71,-1,3,2,1,4,5,4,5,2,4,5,3,7,3,3,4,2,7,7
73,2026-04-23,"QUATTRO GOLFISTI PROFESSIONISTI GIOCANO AL VIDEOGIOCO DEL MINIGOLF con Delux, Dread, Gabbo & JTaz",https://youtu.be/24gIGkEHAfw,72,3,GaBBo,83,11,2,1,5,3,11,2,4,4,6,5,4,4,7,3,5,3,5,9
73,2026-04-23,"QUATTRO GOLFISTI PROFESSIONISTI GIOCANO AL VIDEOGIOCO DEL MINIGOLF con Delux, Dread, Gabbo & JTaz",https://youtu.be/24gIGkEHAfw,72,4,JTaz,87,15,4,6,3,4,7,2,5,5,4,2,4,4,3,6,3,3,16,6
74,2026-07-30,"LA GOLFATINA A SQUADRE DI CUI AVEVATE TUTTI BISOGNO. con Delux, Gabbo, Dread, Rohn, Mollu & Masseo",https://youtu.be/KGLtpDUYIYc,54,1,Delux,84,30,2,1,2,1,4,3,6,3,3,3,4,8,5,1,15,9,10,4
74,2026-07-30,"LA GOLFATINA A SQUADRE DI CUI AVEVATE TUTTI BISOGNO. con Delux, Gabbo, Dread, Rohn, Mollu & Masseo",https://youtu.be/KGLtpDUYIYc,54,2,nonsonodread,90,36,3,3,4,2,15,4,4,3,3,2,11,7,5,7,4,1,8,4
74,2026-07-30,"LA GOLFATINA A SQUADRE DI CUI AVEVATE TUTTI BISOGNO. con Delux, Gabbo, Dread, Rohn, Mollu & Masseo",https://youtu.be/KGLtpDUYIYc,54,3,Mollu,94,40,1,1,4,2,3,3,4,7,2,4,14,10,6,5,7,2,14,5
74,2026-07-30,"LA GOLFATINA A SQUADRE DI CUI AVEVATE TUTTI BISOGNO. con Delux, Gabbo, Dread, Rohn, Mollu & Masseo",https://youtu.be/KGLtpDUYIYc,54,3,Just Rohn,94,40,3,3,3,1,11,3,4,12,3,4,4,8,6,4,6,2,12,5
74,2026-07-30,"LA GOLFATINA A SQUADRE DI CUI AVEVATE TUTTI BISOGNO. con Delux, Gabbo, Dread, Rohn, Mollu & Masseo",https://youtu.be/KGLtpDUYIYc,54,5,ilMasseo,111,57,2,7,2,3,9,1,5,9,5,2,11,13,7,4,3,1,21,6
74,2026-07-30,"LA GOLFATINA A SQUADRE DI CUI AVEVATE TUTTI BISOGNO. con Delux, Gabbo, Dread, Rohn, Mollu & Masseo",https://youtu.be/KGLtpDUYIYc,54,6,GaBBo,123,69,3,1,3,7,14,6,3,9,3,3,10,13,6,6,8,4,21,3
75,2026-07-02,"LA GOLFATINA CHE PIACE A VOI! con Delux, Dread, Gabbo, Rohn & Mollu",https://youtu.be/dx51mfR2QP4,56,1,Mollu,60,4,2,2,2,1,1,8,6,5,3,3,1,3,3,3,3,12,2,
75,2026-07-02,"LA GOLFATINA CHE PIACE A VOI! con Delux, Dread, Gabbo, Rohn & Mollu",https://youtu.be/dx51mfR2QP4,56,2,Delux,65,9,2,2,2,1,1,7,4,3,3,4,3,3,1,5,9,11,4,
75,2026-07-02,"LA GOLFATINA CHE PIACE A VOI! con Delux, Dread, Gabbo, Rohn & Mollu",https://youtu.be/dx51mfR2QP4,56,3,Just Rohn,69,13,2,2,2,1,1,6,7,6,1,3,6,2,3,3,4,16,4,
75,2026-07-02,"LA GOLFATINA CHE PIACE A VOI! con Delux, Dread, Gabbo, Rohn & Mollu",https://youtu.be/dx51mfR2QP4,56,4,nonsonodread,70,14,3,1,3,1,2,6,5,6,5,3,3,4,8,5,5,7,3,
75,2026-07-02,"LA GOLFATINA CHE PIACE A VOI! con Delux, Dread, Gabbo, Rohn & Mollu",https://youtu.be/dx51mfR2QP4,56,5,GaBBo,75,19,3,2,4,1,2,10,3,4,3,5,3,3,7,4,4,12,5,
76,2026-07-16,"UNA GOLFATINA TRA IPERVEDENTI. con Delux, Gabbo, Dread, JTaz e JustFinalmentecivedoRohn",https://youtu.be/ZSNlke35wvY,78,1,Delux,80,2,8,1,2,1,4,2,2,2,7,9,11,4,3,1,1,5,1,16
76,2026-07-16,"UNA GOLFATINA TRA IPERVEDENTI. con Delux, Gabbo, Dread, JTaz e JustFinalmentecivedoRohn",https://youtu.be/ZSNlke35wvY,78,1,Just Rohn,80,2,8,1,2,1,3,2,4,3,5,9,8,4,1,2,1,6,7,13
76,2026-07-16,"UNA GOLFATINA TRA IPERVEDENTI. con Delux, Gabbo, Dread, JTaz e JustFinalmentecivedoRohn",https://youtu.be/ZSNlke35wvY,78,2,nonsonodread,96,18,4,1,5,2,3,4,2,4,7,16,6,9,2,1,2,7,5,16
76,2026-07-16,"UNA GOLFATINA TRA IPERVEDENTI. con Delux, Gabbo, Dread, JTaz e JustFinalmentecivedoRohn",https://youtu.be/ZSNlke35wvY,78,3,JTaz,100,22,6,3,1,3,4,2,2,3,9,9,14,10,2,4,1,8,3,16
76,2026-07-16,"UNA GOLFATINA TRA IPERVEDENTI. con Delux, Gabbo, Dread, JTaz e JustFinalmentecivedoRohn",https://youtu.be/ZSNlke35wvY,78,4,GaBBo,124,46,8,1,3,3,7,2,9,2,13,16,9,12,4,1,3,4,11,16
77,2026-05-28,"UNA GOLFATINA DEMONIACA. con Delux, Dread, Gabbo & JTaz from the stars",https://youtu.be/lj5-ddG4zTM,58,1,nonsonodread,81,23,4,2,3,9,1,2,4,2,2,6,5,4,3,6,3,17,5,3
77,2026-05-28,"UNA GOLFATINA DEMONIACA. con Delux, Dread, Gabbo & JTaz from the stars",https://youtu.be/lj5-ddG4zTM,58,2,GaBBo,85,27,6,1,3,5,4,3,4,3,3,5,5,3,3,3,7,4,6,17
77,2026-05-28,"UNA GOLFATINA DEMONIACA. con Delux, Dread, Gabbo & JTaz from the stars",https://youtu.be/lj5-ddG4zTM,58,3,Delux,96,38,8,1,3,10,1,3,6,6,2,7,10,2,3,4,4,4,5,17
77,2026-05-28,"UNA GOLFATINA DEMONIACA. con Delux, Dread, Gabbo & JTaz from the stars",https://youtu.be/lj5-ddG4zTM,58,4,JTaz,113,55,7,3,6,8,4,4,4,5,4,4,3,9,5,17,2,5,6,17
78,2026-05-19,"LA GOLFATINA INFERNALE RPG. con Delux, Rohn, Dread, Mollu & Gabbodismerdaland",https://youtu.be/cWkIOXTKNK8,30,1,Delux,248,218,248,,,,,,,,,,,,,,,,,
78,2026-05-19,"LA GOLFATINA INFERNALE RPG. con Delux, Rohn, Dread, Mollu & Gabbodismerdaland",https://youtu.be/cWkIOXTKNK8,30,1,nonsonodread,248,218,248,,,,,,,,,,,,,,,,,
78,2026-05-19,"LA GOLFATINA INFERNALE RPG. con Delux, Rohn, Dread, Mollu & Gabbodismerdaland",https://youtu.be/cWkIOXTKNK8,30,2,Just Rohn,329,299,329,,,,,,,,,,,,,,,,,
78,2026-05-19,"LA GOLFATINA INFERNALE RPG. con Delux, Rohn, Dread, Mollu & Gabbodismerdaland",https://youtu.be/cWkIOXTKNK8,30,3,GaBBo,455,425,455,,,,,,,,,,,,,,,,,
78,2026-05-19,"LA GOLFATINA INFERNALE RPG. con Delux, Rohn, Dread, Mollu & Gabbodismerdaland",https://youtu.be/cWkIOXTKNK8,30,3,Mollu,455,425,455,,,,,,,,,,,,,,,,,
80,2026-07-27,"GOLFATINA TUMULTO DI RABBIA︱con Dread, Gabbo, Mollu e Delu",https://youtu.be/x73ua8AMuTc,72,1,Delux,70,-2,5,1,4,5,1,1,5,2,1,7,3,6,1,14,4,4,6,
80,2026-07-27,"GOLFATINA TUMULTO DI RABBIA︱con Dread, Gabbo, Mollu e Delu",https://youtu.be/x73ua8AMuTc,72,2,Mollu,85,13,7,2,1,4,7,1,4,3,4,5,7,10,1,7,14,6,2,
80,2026-07-27,"GOLFATINA TUMULTO DI RABBIA︱con Dread, Gabbo, Mollu e Delu",https://youtu.be/x73ua8AMuTc,72,3,GaBBo,106,34,6,1,9,2,2,1,3,3,3,1,14,14,2,14,14,9,8,
80,2026-07-27,"GOLFATINA TUMULTO DI RABBIA︱con Dread, Gabbo, Mollu e Delu",https://youtu.be/x73ua8AMuTc,72,4,ilMasseo,110,38,9,1,9,5,1,3,5,3,5,4,14,4,2,14,11,6,14,
80,2026-07-27,"GOLFATINA TUMULTO DI RABBIA︱con Dread, Gabbo, Mollu e Delu",https://youtu.be/x73ua8AMuTc,72,4,nonsonodread,110,38,14,6,14,5,6,1,2,4,2,3,7,12,1,9,11,9,4,
81,2026-08-31,GOLFATINA da RIABILITAZIONE con @AroundDread @GaBBoDSQ @oDeluxx @Mollu,https://youtu.be/vwu4uBpJpGY,76,1,nonsonodread,64,-12,4,3,3,2,3,5,4,4,6,2,2,5,1,3,3,5,5,4
81,2026-08-31,GOLFATINA da RIABILITAZIONE con @AroundDread @GaBBoDSQ @oDeluxx @Mollu,https://youtu.be/vwu4uBpJpGY,76,2,GaBBo,75,-1,5,5,5,1,3,3,3,3,5,3,8,5,1,4,1,9,5,6
81,2026-08-31,GOLFATINA da RIABILITAZIONE con @AroundDread @GaBBoDSQ @oDeluxx @Mollu,https://youtu.be/vwu4uBpJpGY,76,3,ilMasseo,80,4,4,6,3,3,3,4,3,3,7,4,3,10,1,4,7,7,2,6
81,2026-08-31,GOLFATINA da RIABILITAZIONE con @AroundDread @GaBBoDSQ @oDeluxx @Mollu,https://youtu.be/vwu4uBpJpGY,76,4,Mollu,82,6,5,3,2,1,7,3,6,3,8,7,4,7,2,7,2,4,6,5
81,2026-08-31,GOLFATINA da RIABILITAZIONE con @AroundDread @GaBBoDSQ @oDeluxx @Mollu,https://youtu.be/vwu4uBpJpGY,76,5,Delux,89,13,5,3,3,3,7,4,4,2,5,3,4,8,2,5,14,4,1,12
82,2026-07-06,"GOLFATINA SGARGIANTE: Gabbines TILTA DURO con Dread, Gabbo e Delux",https://youtu.be/jy7RzcCAIXg,70,1,nonsonodread,78,8,2,2,3,2,3,2,4,4,2,8,6,4,3,6,9,5,4,9
82,2026-07-06,"GOLFATINA SGARGIANTE: Gabbines TILTA DURO con Dread, Gabbo e Delux",https://youtu.be/jy7RzcCAIXg,70,2,ilMasseo,79,9,1,3,2,3,5,2,6,4,3,8,4,3,5,3,9,6,6,6
82,2026-07-06,"GOLFATINA SGARGIANTE: Gabbines TILTA DURO con Dread, Gabbo e Delux",https://youtu.be/jy7RzcCAIXg,70,3,GaBBo,84,14,1,1,2,2,4,4,3,4,2,7,5,3,7,3,6,9,14,7
82,2026-07-06,"GOLFATINA SGARGIANTE: Gabbines TILTA DURO con Dread, Gabbo e Delux",https://youtu.be/jy7RzcCAIXg,70,4,Delux,105,35,1,2,2,2,3,5,3,4,9,14,6,4,8,2,9,11,8,12
83,2026-09-04,"LA GOLFATINA DEI LAVORATORI w/ROHN, DREAD, DELUX e JTAZ",https://youtu.be/z1eH4XjF9Us,56,1,Just Rohn,56,0,2,5,1,2,4,2,2,7,2,2,6,2,2,3,4,2,4,4
83,2026-09-04,"LA GOLFATINA DEI LAVORATORI w/ROHN, DREAD, DELUX e JTAZ",https://youtu.be/z1eH4XjF9Us,56,2,nonsonodread,60,4,3,4,4,3,3,3,3,4,4,2,4,4,6,3,3,1,3,3
83,2026-09-04,"LA GOLFATINA DEI LAVORATORI w/ROHN, DREAD, DELUX e JTAZ",https://youtu.be/z1eH4XjF9Us,56,3,Delux,62,6,2,5,1,5,1,2,3,4,5,3,4,3,5,5,2,2,8,2
83,2026-09-04,"LA GOLFATINA DEI LAVORATORI w/ROHN, DREAD, DELUX e JTAZ",https://youtu.be/z1eH4XjF9Us,56,4,JTaz,83,27,2,4,4,2,3,1,4,8,2,6,11,3,8,6,3,1,1,14
84,2026-09-08,"LA GOLFATINA A SQUADRE CHE CAMBIÓ LE REGOLE. con Delux, Dread, Rohn vs Gabbo, Mollu & JtTaz",https://youtu.be/fOMprydZz3k,58,1,Just Rohn,74,16,2,5,2,3,5,6,7,2,4,3,2,3,2,5,8,3,4,8
84,2026-09-08,"LA GOLFATINA A SQUADRE CHE CAMBIÓ LE REGOLE. con Delux, Dread, Rohn vs Gabbo, Mollu & JtTaz",https://youtu.be/fOMprydZz3k,58,2,Delux,80,22,1,3,2,6,2,10,12,1,3,2,6,3,2,2,5,4,6,10
84,2026-09-08,"LA GOLFATINA A SQUADRE CHE CAMBIÓ LE REGOLE. con Delux, Dread, Rohn vs Gabbo, Mollu & JtTaz",https://youtu.be/fOMprydZz3k,58,3,Mollu,81,23,2,2,2,9,8,4,10,2,3,2,2,3,4,4,3,7,6,8
84,2026-09-08,"LA GOLFATINA A SQUADRE CHE CAMBIÓ LE REGOLE. con Delux, Dread, Rohn vs Gabbo, Mollu & JtTaz",https://youtu.be/fOMprydZz3k,58,4,JTaz,84,26,3,3,3,6,2,10,10,2,2,5,4,2,2,3,6,6,8,7
84,2026-09-08,"LA GOLFATINA A SQUADRE CHE CAMBIÓ LE REGOLE. con Delux, Dread, Rohn vs Gabbo, Mollu & JtTaz",https://youtu.be/fOMprydZz3k,58,5,nonsonodread,87,29,3,3,2,13,8,2,3,2,3,3,2,2,2,5,5,6,6,17
84,2026-09-08,"LA GOLFATINA A SQUADRE CHE CAMBIÓ LE REGOLE. con Delux, Dread, Rohn vs Gabbo, Mollu & JtTaz",https://youtu.be/fOMprydZz3k,58,6,GaBBo,132,74,2,3,3,4,4,21,10,1,21,2,6,2,4,7,21,5,5,11
85,2026-09-09,"SDROGO GOLFATINA MEGA GALATTICA TRA AMICI (ci siamo insultati) w/Dread, Gabbo, Masseo, Delux, Mollu",https://youtu.be/wYoggEe7nIY,77,1,nonsonodread,61,-16,3,3,4,4,2,7,6,3,2,1,2,2,4,4,4,3,3,4
85,2026-09-09,"SDROGO GOLFATINA MEGA GALATTICA TRA AMICI (ci siamo insultati) w/Dread, Gabbo, Masseo, Delux, Mollu",https://youtu.be/wYoggEe7nIY,77,2,GaBBo,63,-14,1,3,3,1,2,6,7,4,5,2,3,3,3,7,4,2,3,4
85,2026-09-09,"SDROGO GOLFATINA MEGA GALATTICA TRA AMICI (ci siamo insultati) w/Dread, Gabbo, Masseo, Delux, Mollu",https://youtu.be/wYoggEe7nIY,77,3,ilMasseo,64,-13,3,2,4,1,3,7,6,4,4,1,4,2,4,6,4,2,3,4
85,2026-09-09,"SDROGO GOLFATINA MEGA GALATTICA TRA AMICI (ci siamo insultati) w/Dread, Gabbo, Masseo, Delux, Mollu",https://youtu.be/wYoggEe7nIY,77,4,Mollu,66,-11,1,4,4,1,4,7,6,4,5,1,4,2,4,4,4,4,3,4
85,2026-09-09,"SDROGO GOLFATINA MEGA GALATTICA TRA AMICI (ci siamo insultati) w/Dread, Gabbo, Masseo, Delux, Mollu",https://youtu.be/wYoggEe7nIY,77,4,Delux,66,-11,1,4,3,2,3,5,4,8,4,1,2,2,4,6,7,3,3,4
86,2026-09-10,SDROGO GOLFATINA ORIENTALE con Dread Cannuccia Mollu Jtaz e Paolo,https://youtu.be/CJ4_ICyfk5I,74,1,Mollu,55,-19,1,2,2,2,3,3,3,2,3,3,2,5,4,5,3,3,5,4
86,2026-09-10,SDROGO GOLFATINA ORIENTALE con Dread Cannuccia Mollu Jtaz e Paolo,https://youtu.be/CJ4_ICyfk5I,74,2,GaBBo,57,-17,1,2,3,2,3,2,5,4,3,3,1,4,7,5,2,3,3,4
86,2026-09-10,SDROGO GOLFATINA ORIENTALE con Dread Cannuccia Mollu Jtaz e Paolo,https://youtu.be/CJ4_ICyfk5I,74,3,Delux,59,-15,1,2,3,2,4,2,6,3,3,2,2,7,5,5,2,4,4,2
86,2026-09-10,SDROGO GOLFATINA ORIENTALE con Dread Cannuccia Mollu Jtaz e Paolo,https://youtu.be/CJ4_ICyfk5I,74,4,nonsonodread,60,-14,2,2,4,2,3,5,4,3,3,3,2,5,4,4,4,2,6,2
86,2026-09-10,SDROGO GOLFATINA ORIENTALE con Dread Cannuccia Mollu Jtaz e Paolo,https://youtu.be/CJ4_ICyfk5I,74,5,JTaz,61,-13,1,2,3,3,3,3,4,5,3,2,2,5,4,4,4,3,8,2
87,2026-09-11,"UNA GOLFATINA FOLLE CI FA PERDERE IL MENTAL...w/ROHN, DREAD, GABBO, DELUX e MOLLU ⛳",https://youtu.be/MOSMaP-7Hog,71,1,nonsonodread,82,11,3,3,8,5,8,1,1,3,2,3,6,3,6,4,1,7,3,15
87,2026-09-11,"UNA GOLFATINA FOLLE CI FA PERDERE IL MENTAL...w/ROHN, DREAD, GABBO, DELUX e MOLLU ⛳",https://youtu.be/MOSMaP-7Hog,71,2,GaBBo,89,18,2,3,7,10,7,1,2,1,2,5,7,2,4,5,1,10,5,15
87,2026-09-11,"UNA GOLFATINA FOLLE CI FA PERDERE IL MENTAL...w/ROHN, DREAD, GABBO, DELUX e MOLLU ⛳",https://youtu.be/MOSMaP-7Hog,71,3,Delux,97,26,1,2,15,10,9,1,2,5,1,3,9,1,4,9,2,8,8,7
87,2026-09-11,"UNA GOLFATINA FOLLE CI FA PERDERE IL MENTAL...w/ROHN, DREAD, GABBO, DELUX e MOLLU ⛳",https://youtu.be/MOSMaP-7Hog,71,4,Mollu,98,27,4,1,3,1,15,1,2,1,2,4,10,5,5,15,1,15,7,6
87,2026-09-11,"UNA GOLFATINA FOLLE CI FA PERDERE IL MENTAL...w/ROHN, DREAD, GABBO, DELUX e MOLLU ⛳",https://youtu.be/MOSMaP-7Hog,71,5,Just Rohn,109,38,2,2,8,8,4,2,6,1,2,7,7,5,10,5,2,15,8,15
88,2026-09-12,"LA GOLFATINA SURREALE con Dread, Cannuccia, JTaz e Delux",https://youtu.be/II1Wo61nTvc,73,1,nonsonodread,75,2,1,3,2,4,5,6,3,3,10,5,2,5,4,4,4,2,7,5
88,2026-09-12,"LA GOLFATINA SURREALE con Dread, Cannuccia, JTaz e Delux",https://youtu.be/II1Wo61nTvc,73,2,GaBBo,78,5,3,4,3,4,4,1,3,7,5,3,2,4,4,7,5,4,6,9
88,2026-09-12,"LA GOLFATINA SURREALE con Dread, Cannuccia, JTaz e Delux",https://youtu.be/II1Wo61nTvc,73,3,Delux,79,6,2,3,3,2,3,5,4,10,7,4,3,4,6,7,6,3,2,5
88,2026-09-12,"LA GOLFATINA SURREALE con Dread, Cannuccia, JTaz e Delux",https://youtu.be/II1Wo61nTvc,73,4,JTaz,88,15,2,6,2,3,4,3,3,1,5,5,3,4,4,5,6,14,14,4
88,2026-09-12,"LA GOLFATINA SURREALE con Dread, Cannuccia, JTaz e Delux",https://youtu.be/II1Wo61nTvc,73,5,Mollu,89,16,2,4,4,5,4,2,5,3,11,2,6,3,3,9,11,5,4,6
89,2026-09-14,"LA GOLFATINA DEI CAMPIONI ⛳️ con DREAD, GABBO, DELUX, MOLLU, JTAZ",https://youtu.be/64B0CXKG2D4,45,1,Mollu,47,2,2,4,3,1,1,2,2,2,2,3,1,3,4,2,3,5,2,5
89,2026-09-14,"LA GOLFATINA DEI CAMPIONI ⛳️ con DREAD, GABBO, DELUX, MOLLU, JTAZ",https://youtu.be/64B0CXKG2D4,45,2,Delux,48,3,3,3,1,2,1,2,1,3,3,2,1,2,8,2,3,3,4,4
89,2026-09-14,"LA GOLFATINA DEI CAMPIONI ⛳️ con DREAD, GABBO, DELUX, MOLLU, JTAZ",https://youtu.be/64B0CXKG2D4,45,3,JTaz,52,7,2,5,2,2,2,2,2,2,3,3,1,3,4,1,3,5,4,6
89,2026-09-14,"LA GOLFATINA DEI CAMPIONI ⛳️ con DREAD, GABBO, DELUX, MOLLU, JTAZ",https://youtu.be/64B0CXKG2D4,45,4,nonsonodread,58,13,4,1,1,2,2,2,4,2,4,4,1,3,6,4,2,3,8,5
89,2026-09-14,"LA GOLFATINA DEI CAMPIONI ⛳️ con DREAD, GABBO, DELUX, MOLLU, JTAZ",https://youtu.be/64B0CXKG2D4,45,5,GaBBo,64,19,1,4,3,4,2,4,2,2,4,5,5,2,3,5,4,4,3,7
90,2026-09-18,"LA GOLFATINA SU CANNUCCIA BIANCA con CannucciaBianca , Delux , Rohn, Dread & Mollu",https://youtu.be/mQ_mp1oikhU,74,1,Just Rohn,87,13,2,5,4,1,3,8,6,4,2,8,3,3,6,3,9,10,5,5
90,2026-09-18,"LA GOLFATINA SU CANNUCCIA BIANCA con CannucciaBianca , Delux , Rohn, Dread & Mollu",https://youtu.be/mQ_mp1oikhU,74,2,nonsonodread,89,15,3,5,6,3,4,8,5,4,1,2,5,4,9,5,7,5,8,5
90,2026-09-18,"LA GOLFATINA SU CANNUCCIA BIANCA con CannucciaBianca , Delux , Rohn, Dread & Mollu",https://youtu.be/mQ_mp1oikhU,74,3,Delux,98,24,4,4,4,1,5,14,4,4,5,6,3,6,11,2,8,11,3,3
90,2026-09-18,"LA GOLFATINA SU CANNUCCIA BIANCA con CannucciaBianca , Delux , Rohn, Dread & Mollu",https://youtu.be/mQ_mp1oikhU,74,4,GaBBo,110,36,4,9,8,4,4,11,7,5,1,8,6,3,6,6,6,11,6,5
90,2026-09-18,"LA GOLFATINA SU CANNUCCIA BIANCA con CannucciaBianca , Delux , Rohn, Dread & Mollu",https://youtu.be/mQ_mp1oikhU,74,5,Mollu,113,39,3,12,4,2,7,15,7,4,1,9,4,5,6,4,5,16,4,5
91,2026-09-23,SDROGO GOLFATINA ma è tornato ILMASSEO....,https://youtu.be/gK4eVm61NJo,67,1,nonsonodread,51,-16,2,2,3,4,2,1,1,10,3,4,2,2,2,2,3,4,1,3
91,2026-09-23,SDROGO GOLFATINA ma è tornato ILMASSEO....,https://youtu.be/gK4eVm61NJo,67,2,Mollu,59,-8,1,3,2,4,4,3,1,3,3,1,4,3,10,4,3,6,1,3
91,2026-09-23,SDROGO GOLFATINA ma è tornato ILMASSEO....,https://youtu.be/gK4eVm61NJo,67,2,Delux,59,-8,2,4,1,4,2,5,1,5,3,1,4,1,6,8,3,5,1,3
91,2026-09-23,SDROGO GOLFATINA ma è tornato ILMASSEO....,https://youtu.be/gK4eVm61NJo,67,3,ilMasseo,62,-5,5,2,1,3,5,3,2,11,3,2,3,1,4,3,3,6,1,4
91,2026-09-23,SDROGO GOLFATINA ma è tornato ILMASSEO....,https://youtu.be/gK4eVm61NJo,67,4,GaBBo,65,-2,2,3,2,3,6,3,1,5,3,9,1,2,6,3,3,4,3,6
91,2026-09-23,SDROGO GOLFATINA ma è tornato ILMASSEO....,https://youtu.be/gK4eVm61NJo,67,5,JTaz,75,8,4,1,1,3,2,4,2,5,3,6,4,2,7,5,8,12,1,5
